ffmpeg started on 2026-08-31 at 23:11:37
Report written to "ffmpeg-20260831-231137.log"
Log level: 56
Command line:
"C:\\ffmpeg\\bin\\ffmpeg.exe" -v trace -i 1787763917198.mp4 -f null -
ffmpeg version 8.0-essentials_build-www.gyan.dev Copyright (c) 2000-2025 the FFmpeg developers
  built with gcc 15.2.0 (Rev8, Built by MSYS2 project)
  configuration: --enable-gpl --enable-version3 --enable-static --disable-w32threads --disable-autodetect --enable-fontconfig --enable-iconv --enable-gnutls --enable-libxml2 --enable-gmp --enable-bzlib --enable-lzma --enable-zlib --enable-libsrt --enable-libssh --enable-libzmq --enable-avisynth --enable-sdl2 --enable-libwebp --enable-libx264 --enable-libx265 --enable-libxvid --enable-libaom --enable-libopenjpeg --enable-libvpx --enable-mediafoundation --enable-libass --enable-libfreetype --enable-libfribidi --enable-libharfbuzz --enable-libvidstab --enable-libvmaf --enable-libzimg --enable-amf --enable-cuda-llvm --enable-cuvid --enable-dxva2 --enable-d3d11va --enable-d3d12va --enable-ffnvcodec --enable-libvpl --enable-nvdec --enable-nvenc --enable-vaapi --enable-openal --enable-libgme --enable-libopenmpt --enable-libopencore-amrwb --enable-libmp3lame --enable-libtheora --enable-libvo-amrwbenc --enable-libgsm --enable-libopencore-amrnb --enable-libopus --enable-libspeex --enable-libvorbis --enable-librubberba  libavutil      60.  8.100 / 60.  8.100
  libavcodec     62. 11.100 / 62. 11.100
  libavformat    62.  3.100 / 62.  3.100
  libavdevice    62.  1.100 / 62.  1.100
  libavfilter    11.  4.100 / 11.  4.100
  libswscale      9.  1.100 /  9.  1.100
  libswresample   6.  1.100 /  6.  1.100
Splitting the commandline.
Reading option '-v' ... matched as option 'v' (set logging level) with argument 'trace'.
Reading option '-i' ... matched as input url with argument '1787763917198.mp4'.
Reading option '-f' ... matched as option 'f' (force container format (auto-detected otherwise)) with argument 'null'.
Reading option '-' ... matched as output url.
Finished splitting the commandline.
Parsing a group of options: global .
Applying option v (set logging level) with argument trace.
Successfully parsed a group of options.
Parsing a group of options: input url 1787763917198.mp4.
Successfully parsed a group of options.
Opening an input file: 1787763917198.mp4.
[AVFormatContext @ 00000227c9957580] Opening '1787763917198.mp4' for reading
[file @ 00000227c9957a80] Setting default whitelist 'file,crypto,data'
Probing mov,mp4,m4a,3gp,3g2,mj2 score:100 size:2048
[mov,mp4,m4a,3gp,3g2,mj2 @ 00000227c9957580] Format mov,mp4,m4a,3gp,3g2,mj2 probed with size=2048 and score=100
[mov,mp4,m4a,3gp,3g2,mj2 @ 00000227c9957580] type:'ftyp' parent:'root' sz: 32 8 293880
[mov,mp4,m4a,3gp,3g2,mj2 @ 00000227c9957580] ISO: File Type Major Brand: isom
[mov,mp4,m4a,3gp,3g2,mj2 @ 00000227c9957580] type:'moov' parent:'root' sz: 3724 40 293880
[mov,mp4,m4a,3gp,3g2,mj2 @ 00000227c9957580] type:'mvhd' parent:'moov' sz: 108 8 3716
[mov,mp4,m4a,3gp,3g2,mj2 @ 00000227c9957580] time scale = 1000
[mov,mp4,m4a,3gp,3g2,mj2 @ 00000227c9957580] type:'trak' parent:'moov' sz: 3511 116 3716
[mov,mp4,m4a,3gp,3g2,mj2 @ 00000227c9957580] type:'tkhd' parent:'trak' sz: 92 8 3503
[mov,mp4,m4a,3gp,3g2,mj2 @ 00000227c9957580] type:'edts' parent:'trak' sz: 36 100 3503
[mov,mp4,m4a,3gp,3g2,mj2 @ 00000227c9957580] type:'elst' parent:'edts' sz: 28 8 28
[mov,mp4,m4a,3gp,3g2,mj2 @ 00000227c9957580] track[0].edit_count = 1
[mov,mp4,m4a,3gp,3g2,mj2 @ 00000227c9957580] duration=10042 time=1024 rate=1.000000
[mov,mp4,m4a,3gp,3g2,mj2 @ 00000227c9957580] type:'mdia' parent:'trak' sz: 3375 136 3503
[mov,mp4,m4a,3gp,3g2,mj2 @ 00000227c9957580] type:'mdhd' parent:'mdia' sz: 32 8 3367
[mov,mp4,m4a,3gp,3g2,mj2 @ 00000227c9957580] type:'hdlr' parent:'mdia' sz: 45 40 3367
[mov,mp4,m4a,3gp,3g2,mj2 @ 00000227c9957580] ctype=[0][0][0][0]
[mov,mp4,m4a,3gp,3g2,mj2 @ 00000227c9957580] stype=vide
[mov,mp4,m4a,3gp,3g2,mj2 @ 00000227c9957580] type:'minf' parent:'mdia' sz: 3290 85 3367
[mov,mp4,m4a,3gp,3g2,mj2 @ 00000227c9957580] type:'vmhd' parent:'minf' sz: 20 8 3282
[mov,mp4,m4a,3gp,3g2,mj2 @ 00000227c9957580] type:'dinf' parent:'minf' sz: 36 28 3282
[mov,mp4,m4a,3gp,3g2,mj2 @ 00000227c9957580] type:'dref' parent:'dinf' sz: 28 8 28
[mov,mp4,m4a,3gp,3g2,mj2 @ 00000227c9957580] Unknown dref type 0x206c7275 size 12
[mov,mp4,m4a,3gp,3g2,mj2 @ 00000227c9957580] type:'stbl' parent:'minf' sz: 3226 64 3282
[mov,mp4,m4a,3gp,3g2,mj2 @ 00000227c9957580] type:'stsd' parent:'stbl' sz: 214 8 3218
[mov,mp4,m4a,3gp,3g2,mj2 @ 00000227c9957580] size=198 4CC=avc1 codec_type=0
[mov,mp4,m4a,3gp,3g2,mj2 @ 00000227c9957580] type:'avcC' parent:'stsd' sz: 57 8 112
[mov,mp4,m4a,3gp,3g2,mj2 @ 00000227c9957580] type:'colr' parent:'stsd' sz: 19 65 112
[mov,mp4,m4a,3gp,3g2,mj2 @ 00000227c9957580] nclx: pri 1 trc 1 matrix 1 full 0
[mov,mp4,m4a,3gp,3g2,mj2 @ 00000227c9957580] type:'pasp' parent:'stsd' sz: 16 84 112
[mov,mp4,m4a,3gp,3g2,mj2 @ 00000227c9957580] pasp: hSpacing 1, vSpacing 1
[mov,mp4,m4a,3gp,3g2,mj2 @ 00000227c9957580] type:'btrt' parent:'stsd' sz: 20 100 112
[mov,mp4,m4a,3gp,3g2,mj2 @ 00000227c9957580] type:'stts' parent:'stbl' sz: 24 222 3218
[mov,mp4,m4a,3gp,3g2,mj2 @ 00000227c9957580] track[0].stts.entries = 1
[mov,mp4,m4a,3gp,3g2,mj2 @ 00000227c9957580] sample_count=241, sample_duration=512
[mov,mp4,m4a,3gp,3g2,mj2 @ 00000227c9957580] type:'stss' parent:'stbl' sz: 20 246 3218
[mov,mp4,m4a,3gp,3g2,mj2 @ 00000227c9957580] keyframe_count = 1
[mov,mp4,m4a,3gp,3g2,mj2 @ 00000227c9957580] type:'ctts' parent:'stbl' sz: 1928 266 3218
[mov,mp4,m4a,3gp,3g2,mj2 @ 00000227c9957580] track[0].ctts.entries = 239
[mov,mp4,m4a,3gp,3g2,mj2 @ 00000227c9957580] count=1, duration=1024
[mov,mp4,m4a,3gp,3g2,mj2 @ 00000227c9957580] count=1, duration=1536
[mov,mp4,m4a,3gp,3g2,mj2 @ 00000227c9957580] count=1, duration=512
[mov,mp4,m4a,3gp,3g2,mj2 @ 00000227c9957580] count=1, duration=2560
[mov,mp4,m4a,3gp,3g2,mj2 @ 00000227c9957580] count=1, duration=1024
[mov,mp4,m4a,3gp,3g2,mj2 @ 00000227c9957580] count=1, duration=0
[mov,mp4,m4a,3gp,3g2,mj2 @ 00000227c9957580] count=1, duration=512
[mov,mp4,m4a,3gp,3g2,mj2 @ 00000227c9957580] count=1, duration=2560
[mov,mp4,m4a,3gp,3g2,mj2 @ 00000227c9957580] count=1, duration=1024
[mov,mp4,m4a,3gp,3g2,mj2 @ 00000227c9957580] count=1, duration=0
[mov,mp4,m4a,3gp,3g2,mj2 @ 00000227c9957580] count=1, duration=512
[mov,mp4,m4a,3gp,3g2,mj2 @ 00000227c9957580] count=1, duration=2560
[mov,mp4,m4a,3gp,3g2,mj2 @ 00000227c9957580] count=1, duration=1024
[mov,mp4,m4a,3gp,3g2,mj2 @ 00000227c9957580] count=1, duration=0
[mov,mp4,m4a,3gp,3g2,mj2 @ 00000227c9957580] count=1, duration=512
[mov,mp4,m4a,3gp,3g2,mj2 @ 00000227c9957580] count=1, duration=2560
[mov,mp4,m4a,3gp,3g2,mj2 @ 00000227c9957580] count=1, duration=1024
[mov,mp4,m4a,3gp,3g2,mj2 @ 00000227c9957580] count=1, duration=0
[mov,mp4,m4a,3gp,3g2,mj2 @ 00000227c9957580] count=1, duration=512
[mov,mp4,m4a,3gp,3g2,mj2 @ 00000227c9957580] count=1, duration=2560
[mov,mp4,m4a,3gp,3g2,mj2 @ 00000227c9957580] count=1, duration=1024
[mov,mp4,m4a,3gp,3g2,mj2 @ 00000227c9957580] count=1, duration=0
[mov,mp4,m4a,3gp,3g2,mj2 @ 00000227c9957580] count=1, duration=512
[mov,mp4,m4a,3gp,3g2,mj2 @ 00000227c9957580] count=1, duration=2560
[mov,mp4,m4a,3gp,3g2,mj2 @ 00000227c9957580] count=1, duration=1024
[mov,mp4,m4a,3gp,3g2,mj2 @ 00000227c9957580] count=1, duration=0
[mov,mp4,m4a,3gp,3g2,mj2 @ 00000227c9957580] count=1, duration=512
[mov,mp4,m4a,3gp,3g2,mj2 @ 00000227c9957580] count=1, duration=2560
[mov,mp4,m4a,3gp,3g2,mj2 @ 00000227c9957580] count=1, duration=1024
[mov,mp4,m4a,3gp,3g2,mj2 @ 00000227c9957580] count=1, duration=0
[mov,mp4,m4a,3gp,3g2,mj2 @ 00000227c9957580] count=1, duration=512
[mov,mp4,m4a,3gp,3g2,mj2 @ 00000227c9957580] count=1, duration=2560
[mov,mp4,m4a,3gp,3g2,mj2 @ 00000227c9957580] count=1, duration=1024
[mov,mp4,m4a,3gp,3g2,mj2 @ 00000227c9957580] count=1, duration=0
[mov,mp4,m4a,3gp,3g2,mj2 @ 00000227c9957580] count=1, duration=512
[mov,mp4,m4a,3gp,3g2,mj2 @ 00000227c9957580] count=1, duration=2560
[mov,mp4,m4a,3gp,3g2,mj2 @ 00000227c9957580] count=1, duration=1024
[mov,mp4,m4a,3gp,3g2,mj2 @ 00000227c9957580] count=1, duration=0
[mov,mp4,m4a,3gp,3g2,mj2 @ 00000227c9957580] count=1, duration=512
[mov,mp4,m4a,3gp,3g2,mj2 @ 00000227c9957580] count=1, duration=2560
[mov,mp4,m4a,3gp,3g2,mj2 @ 00000227c9957580] count=1, duration=1024
[mov,mp4,m4a,3gp,3g2,mj2 @ 00000227c9957580] count=1, duration=0
[mov,mp4,m4a,3gp,3g2,mj2 @ 00000227c9957580] count=1, duration=512
[mov,mp4,m4a,3gp,3g2,mj2 @ 00000227c9957580] count=1, duration=2560
[mov,mp4,m4a,3gp,3g2,mj2 @ 00000227c9957580] count=1, duration=1024
[mov,mp4,m4a,3gp,3g2,mj2 @ 00000227c9957580] count=1, duration=0
[mov,mp4,m4a,3gp,3g2,mj2 @ 00000227c9957580] count=1, duration=512
[mov,mp4,m4a,3gp,3g2,mj2 @ 00000227c9957580] count=1, duration=2560
[mov,mp4,m4a,3gp,3g2,mj2 @ 00000227c9957580] count=1, duration=1024
[mov,mp4,m4a,3gp,3g2,mj2 @ 00000227c9957580] count=1, duration=0
[mov,mp4,m4a,3gp,3g2,mj2 @ 00000227c9957580] count=1, duration=512
[mov,mp4,m4a,3gp,3g2,mj2 @ 00000227c9957580] count=1, duration=2560
[mov,mp4,m4a,3gp,3g2,mj2 @ 00000227c9957580] count=1, duration=1024
[mov,mp4,m4a,3gp,3g2,mj2 @ 00000227c9957580] count=1, duration=0
[mov,mp4,m4a,3gp,3g2,mj2 @ 00000227c9957580] count=1, duration=512
[mov,mp4,m4a,3gp,3g2,mj2 @ 00000227c9957580] count=1, duration=2560
[mov,mp4,m4a,3gp,3g2,mj2 @ 00000227c9957580] count=1, duration=1024
[mov,mp4,m4a,3gp,3g2,mj2 @ 00000227c9957580] count=1, duration=0
[mov,mp4,m4a,3gp,3g2,mj2 @ 00000227c9957580] count=1, duration=512
[mov,mp4,m4a,3gp,3g2,mj2 @ 00000227c9957580] count=1, duration=2560
[mov,mp4,m4a,3gp,3g2,mj2 @ 00000227c9957580] count=1, duration=1024
[mov,mp4,m4a,3gp,3g2,mj2 @ 00000227c9957580] count=1, duration=0
[mov,mp4,m4a,3gp,3g2,mj2 @ 00000227c9957580] count=1, duration=512
[mov,mp4,m4a,3gp,3g2,mj2 @ 00000227c9957580] count=1, duration=2560
[mov,mp4,m4a,3gp,3g2,mj2 @ 00000227c9957580] count=1, duration=1024
[mov,mp4,m4a,3gp,3g2,mj2 @ 00000227c9957580] count=1, duration=0
[mov,mp4,m4a,3gp,3g2,mj2 @ 00000227c9957580] count=1, duration=512
[mov,mp4,m4a,3gp,3g2,mj2 @ 00000227c9957580] count=1, duration=2560
[mov,mp4,m4a,3gp,3g2,mj2 @ 00000227c9957580] count=1, duration=1024
[mov,mp4,m4a,3gp,3g2,mj2 @ 00000227c9957580] count=1, duration=0
[mov,mp4,m4a,3gp,3g2,mj2 @ 00000227c9957580] count=1, duration=512
[mov,mp4,m4a,3gp,3g2,mj2 @ 00000227c9957580] count=1, duration=2560
[mov,mp4,m4a,3gp,3g2,mj2 @ 00000227c9957580] count=1, duration=1024
[mov,mp4,m4a,3gp,3g2,mj2 @ 00000227c9957580] count=1, duration=0
[mov,mp4,m4a,3gp,3g2,mj2 @ 00000227c9957580] count=1, duration=512
[mov,mp4,m4a,3gp,3g2,mj2 @ 00000227c9957580] count=1, duration=2560
[mov,mp4,m4a,3gp,3g2,mj2 @ 00000227c9957580] count=1, duration=1024
[mov,mp4,m4a,3gp,3g2,mj2 @ 00000227c9957580] count=1, duration=0
[mov,mp4,m4a,3gp,3g2,mj2 @ 00000227c9957580] count=1, duration=512
[mov,mp4,m4a,3gp,3g2,mj2 @ 00000227c9957580] count=1, duration=2560
[mov,mp4,m4a,3gp,3g2,mj2 @ 00000227c9957580] count=1, duration=1024
[mov,mp4,m4a,3gp,3g2,mj2 @ 00000227c9957580] count=1, duration=0
[mov,mp4,m4a,3gp,3g2,mj2 @ 00000227c9957580] count=1, duration=512
[mov,mp4,m4a,3gp,3g2,mj2 @ 00000227c9957580] count=1, duration=2560
[mov,mp4,m4a,3gp,3g2,mj2 @ 00000227c9957580] count=1, duration=1024
[mov,mp4,m4a,3gp,3g2,mj2 @ 00000227c9957580] count=1, duration=0
[mov,mp4,m4a,3gp,3g2,mj2 @ 00000227c9957580] count=1, duration=512
[mov,mp4,m4a,3gp,3g2,mj2 @ 00000227c9957580] count=1, duration=2560
[mov,mp4,m4a,3gp,3g2,mj2 @ 00000227c9957580] count=1, duration=1024
[mov,mp4,m4a,3gp,3g2,mj2 @ 00000227c9957580] count=1, duration=0
[mov,mp4,m4a,3gp,3g2,mj2 @ 00000227c9957580] count=1, duration=512
[mov,mp4,m4a,3gp,3g2,mj2 @ 00000227c9957580] count=1, duration=2560
[mov,mp4,m4a,3gp,3g2,mj2 @ 00000227c9957580] count=1, duration=1024
[mov,mp4,m4a,3gp,3g2,mj2 @ 00000227c9957580] count=1, duration=0
[mov,mp4,m4a,3gp,3g2,mj2 @ 00000227c9957580] count=1, duration=512
[mov,mp4,m4a,3gp,3g2,mj2 @ 00000227c9957580] count=1, duration=2560
[mov,mp4,m4a,3gp,3g2,mj2 @ 00000227c9957580] count=1, duration=1024
[mov,mp4,m4a,3gp,3g2,mj2 @ 00000227c9957580] count=1, duration=0
[mov,mp4,m4a,3gp,3g2,mj2 @ 00000227c9957580] count=1, duration=512
[mov,mp4,m4a,3gp,3g2,mj2 @ 00000227c9957580] count=1, duration=2560
[mov,mp4,m4a,3gp,3g2,mj2 @ 00000227c9957580] count=1, duration=1024
[mov,mp4,m4a,3gp,3g2,mj2 @ 00000227c9957580] count=1, duration=0
[mov,mp4,m4a,3gp,3g2,mj2 @ 00000227c9957580] count=1, duration=512
[mov,mp4,m4a,3gp,3g2,mj2 @ 00000227c9957580] count=1, duration=2560
[mov,mp4,m4a,3gp,3g2,mj2 @ 00000227c9957580] count=1, duration=1024
[mov,mp4,m4a,3gp,3g2,mj2 @ 00000227c9957580] count=1, duration=0
[mov,mp4,m4a,3gp,3g2,mj2 @ 00000227c9957580] count=1, duration=512
[mov,mp4,m4a,3gp,3g2,mj2 @ 00000227c9957580] count=1, duration=2560
[mov,mp4,m4a,3gp,3g2,mj2 @ 00000227c9957580] count=1, duration=1024
[mov,mp4,m4a,3gp,3g2,mj2 @ 00000227c9957580] count=1, duration=0
[mov,mp4,m4a,3gp,3g2,mj2 @ 00000227c9957580] count=1, duration=512
[mov,mp4,m4a,3gp,3g2,mj2 @ 00000227c9957580] count=1, duration=2560
[mov,mp4,m4a,3gp,3g2,mj2 @ 00000227c9957580] count=1, duration=1024
[mov,mp4,m4a,3gp,3g2,mj2 @ 00000227c9957580] count=1, duration=0
[mov,mp4,m4a,3gp,3g2,mj2 @ 00000227c9957580] count=1, duration=512
[mov,mp4,m4a,3gp,3g2,mj2 @ 00000227c9957580] count=1, duration=2560
[mov,mp4,m4a,3gp,3g2,mj2 @ 00000227c9957580] count=1, duration=1024
[mov,mp4,m4a,3gp,3g2,mj2 @ 00000227c9957580] count=1, duration=0
[mov,mp4,m4a,3gp,3g2,mj2 @ 00000227c9957580] count=1, duration=512
[mov,mp4,m4a,3gp,3g2,mj2 @ 00000227c9957580] count=1, duration=2560
[mov,mp4,m4a,3gp,3g2,mj2 @ 00000227c9957580] count=1, duration=1024
[mov,mp4,m4a,3gp,3g2,mj2 @ 00000227c9957580] count=1, duration=0
[mov,mp4,m4a,3gp,3g2,mj2 @ 00000227c9957580] count=1, duration=512
[mov,mp4,m4a,3gp,3g2,mj2 @ 00000227c9957580] count=1, duration=2560
[mov,mp4,m4a,3gp,3g2,mj2 @ 00000227c9957580] count=1, duration=1024
[mov,mp4,m4a,3gp,3g2,mj2 @ 00000227c9957580] count=1, duration=0
[mov,mp4,m4a,3gp,3g2,mj2 @ 00000227c9957580] count=1, duration=512
[mov,mp4,m4a,3gp,3g2,mj2 @ 00000227c9957580] count=1, duration=2560
[mov,mp4,m4a,3gp,3g2,mj2 @ 00000227c9957580] count=1, duration=1024
[mov,mp4,m4a,3gp,3g2,mj2 @ 00000227c9957580] count=1, duration=0
[mov,mp4,m4a,3gp,3g2,mj2 @ 00000227c9957580] count=1, duration=512
[mov,mp4,m4a,3gp,3g2,mj2 @ 00000227c9957580] count=1, duration=2560
[mov,mp4,m4a,3gp,3g2,mj2 @ 00000227c9957580] count=1, duration=1024
[mov,mp4,m4a,3gp,3g2,mj2 @ 00000227c9957580] count=1, duration=0
[mov,mp4,m4a,3gp,3g2,mj2 @ 00000227c9957580] count=1, duration=512
[mov,mp4,m4a,3gp,3g2,mj2 @ 00000227c9957580] count=1, duration=2560
[mov,mp4,m4a,3gp,3g2,mj2 @ 00000227c9957580] count=1, duration=1024
[mov,mp4,m4a,3gp,3g2,mj2 @ 00000227c9957580] count=1, duration=0
[mov,mp4,m4a,3gp,3g2,mj2 @ 00000227c9957580] count=1, duration=512
[mov,mp4,m4a,3gp,3g2,mj2 @ 00000227c9957580] count=1, duration=2560
[mov,mp4,m4a,3gp,3g2,mj2 @ 00000227c9957580] count=1, duration=1024
[mov,mp4,m4a,3gp,3g2,mj2 @ 00000227c9957580] count=1, duration=0
[mov,mp4,m4a,3gp,3g2,mj2 @ 00000227c9957580] count=1, duration=512
[mov,mp4,m4a,3gp,3g2,mj2 @ 00000227c9957580] count=1, duration=2560
[mov,mp4,m4a,3gp,3g2,mj2 @ 00000227c9957580] count=1, duration=1024
[mov,mp4,m4a,3gp,3g2,mj2 @ 00000227c9957580] count=1, duration=0
[mov,mp4,m4a,3gp,3g2,mj2 @ 00000227c9957580] count=1, duration=512
[mov,mp4,m4a,3gp,3g2,mj2 @ 00000227c9957580] count=1, duration=2560
[mov,mp4,m4a,3gp,3g2,mj2 @ 00000227c9957580] count=1, duration=1024
[mov,mp4,m4a,3gp,3g2,mj2 @ 00000227c9957580] count=1, duration=0
[mov,mp4,m4a,3gp,3g2,mj2 @ 00000227c9957580] count=1, duration=512
[mov,mp4,m4a,3gp,3g2,mj2 @ 00000227c9957580] count=1, duration=2560
[mov,mp4,m4a,3gp,3g2,mj2 @ 00000227c9957580] count=1, duration=1024
[mov,mp4,m4a,3gp,3g2,mj2 @ 00000227c9957580] count=1, duration=0
[mov,mp4,m4a,3gp,3g2,mj2 @ 00000227c9957580] count=1, duration=512
[mov,mp4,m4a,3gp,3g2,mj2 @ 00000227c9957580] count=1, duration=2560
[mov,mp4,m4a,3gp,3g2,mj2 @ 00000227c9957580] count=1, duration=1024
[mov,mp4,m4a,3gp,3g2,mj2 @ 00000227c9957580] count=1, duration=0
[mov,mp4,m4a,3gp,3g2,mj2 @ 00000227c9957580] count=1, duration=512
[mov,mp4,m4a,3gp,3g2,mj2 @ 00000227c9957580] count=1, duration=2048
[mov,mp4,m4a,3gp,3g2,mj2 @ 00000227c9957580] count=2, duration=512
[mov,mp4,m4a,3gp,3g2,mj2 @ 00000227c9957580] count=1, duration=2560
[mov,mp4,m4a,3gp,3g2,mj2 @ 00000227c9957580] count=1, duration=1024
[mov,mp4,m4a,3gp,3g2,mj2 @ 00000227c9957580] count=1, duration=0
[mov,mp4,m4a,3gp,3g2,mj2 @ 00000227c9957580] count=1, duration=512
[mov,mp4,m4a,3gp,3g2,mj2 @ 00000227c9957580] count=1, duration=2560
[mov,mp4,m4a,3gp,3g2,mj2 @ 00000227c9957580] count=1, duration=1024
[mov,mp4,m4a,3gp,3g2,mj2 @ 00000227c9957580] count=1, duration=0
[mov,mp4,m4a,3gp,3g2,mj2 @ 00000227c9957580] count=1, duration=512
[mov,mp4,m4a,3gp,3g2,mj2 @ 00000227c9957580] count=1, duration=2560
[mov,mp4,m4a,3gp,3g2,mj2 @ 00000227c9957580] count=1, duration=1024
[mov,mp4,m4a,3gp,3g2,mj2 @ 00000227c9957580] count=1, duration=0
[mov,mp4,m4a,3gp,3g2,mj2 @ 00000227c9957580] count=1, duration=512
[mov,mp4,m4a,3gp,3g2,mj2 @ 00000227c9957580] count=1, duration=2560
[mov,mp4,m4a,3gp,3g2,mj2 @ 00000227c9957580] count=1, duration=1024
[mov,mp4,m4a,3gp,3g2,mj2 @ 00000227c9957580] count=1, duration=0
[mov,mp4,m4a,3gp,3g2,mj2 @ 00000227c9957580] count=1, duration=512
[mov,mp4,m4a,3gp,3g2,mj2 @ 00000227c9957580] count=1, duration=2560
[mov,mp4,m4a,3gp,3g2,mj2 @ 00000227c9957580] count=1, duration=1024
[mov,mp4,m4a,3gp,3g2,mj2 @ 00000227c9957580] count=1, duration=0
[mov,mp4,m4a,3gp,3g2,mj2 @ 00000227c9957580] count=1, duration=512
[mov,mp4,m4a,3gp,3g2,mj2 @ 00000227c9957580] count=1, duration=2560
[mov,mp4,m4a,3gp,3g2,mj2 @ 00000227c9957580] count=1, duration=1024
[mov,mp4,m4a,3gp,3g2,mj2 @ 00000227c9957580] count=1, duration=0
[mov,mp4,m4a,3gp,3g2,mj2 @ 00000227c9957580] count=1, duration=512
[mov,mp4,m4a,3gp,3g2,mj2 @ 00000227c9957580] count=1, duration=2560
[mov,mp4,m4a,3gp,3g2,mj2 @ 00000227c9957580] count=1, duration=1024
[mov,mp4,m4a,3gp,3g2,mj2 @ 00000227c9957580] count=1, duration=0
[mov,mp4,m4a,3gp,3g2,mj2 @ 00000227c9957580] count=1, duration=512
[mov,mp4,m4a,3gp,3g2,mj2 @ 00000227c9957580] count=1, duration=2560
[mov,mp4,m4a,3gp,3g2,mj2 @ 00000227c9957580] count=1, duration=1024
[mov,mp4,m4a,3gp,3g2,mj2 @ 00000227c9957580] count=1, duration=0
[mov,mp4,m4a,3gp,3g2,mj2 @ 00000227c9957580] count=1, duration=512
[mov,mp4,m4a,3gp,3g2,mj2 @ 00000227c9957580] count=1, duration=2560
[mov,mp4,m4a,3gp,3g2,mj2 @ 00000227c9957580] count=1, duration=1024
[mov,mp4,m4a,3gp,3g2,mj2 @ 00000227c9957580] count=1, duration=0
[mov,mp4,m4a,3gp,3g2,mj2 @ 00000227c9957580] count=1, duration=512
[mov,mp4,m4a,3gp,3g2,mj2 @ 00000227c9957580] count=1, duration=2560
[mov,mp4,m4a,3gp,3g2,mj2 @ 00000227c9957580] count=1, duration=1024
[mov,mp4,m4a,3gp,3g2,mj2 @ 00000227c9957580] count=1, duration=0
[mov,mp4,m4a,3gp,3g2,mj2 @ 00000227c9957580] count=1, duration=512
[mov,mp4,m4a,3gp,3g2,mj2 @ 00000227c9957580] count=1, duration=2560
[mov,mp4,m4a,3gp,3g2,mj2 @ 00000227c9957580] count=1, duration=1024
[mov,mp4,m4a,3gp,3g2,mj2 @ 00000227c9957580] count=1, duration=0
[mov,mp4,m4a,3gp,3g2,mj2 @ 00000227c9957580] count=1, duration=512
[mov,mp4,m4a,3gp,3g2,mj2 @ 00000227c9957580] count=1, duration=2560
[mov,mp4,m4a,3gp,3g2,mj2 @ 00000227c9957580] count=1, duration=1024
[mov,mp4,m4a,3gp,3g2,mj2 @ 00000227c9957580] count=1, duration=0
[mov,mp4,m4a,3gp,3g2,mj2 @ 00000227c9957580] count=1, duration=512
[mov,mp4,m4a,3gp,3g2,mj2 @ 00000227c9957580] count=1, duration=2560
[mov,mp4,m4a,3gp,3g2,mj2 @ 00000227c9957580] count=1, duration=1024
[mov,mp4,m4a,3gp,3g2,mj2 @ 00000227c9957580] count=1, duration=0
[mov,mp4,m4a,3gp,3g2,mj2 @ 00000227c9957580] count=1, duration=512
[mov,mp4,m4a,3gp,3g2,mj2 @ 00000227c9957580] count=1, duration=2560
[mov,mp4,m4a,3gp,3g2,mj2 @ 00000227c9957580] count=1, duration=1024
[mov,mp4,m4a,3gp,3g2,mj2 @ 00000227c9957580] count=1, duration=0
[mov,mp4,m4a,3gp,3g2,mj2 @ 00000227c9957580] count=1, duration=512
[mov,mp4,m4a,3gp,3g2,mj2 @ 00000227c9957580] count=1, duration=2560
[mov,mp4,m4a,3gp,3g2,mj2 @ 00000227c9957580] count=1, duration=1024
[mov,mp4,m4a,3gp,3g2,mj2 @ 00000227c9957580] count=1, duration=0
[mov,mp4,m4a,3gp,3g2,mj2 @ 00000227c9957580] count=1, duration=512
[mov,mp4,m4a,3gp,3g2,mj2 @ 00000227c9957580] count=1, duration=2560
[mov,mp4,m4a,3gp,3g2,mj2 @ 00000227c9957580] count=1, duration=1024
[mov,mp4,m4a,3gp,3g2,mj2 @ 00000227c9957580] count=1, duration=0
[mov,mp4,m4a,3gp,3g2,mj2 @ 00000227c9957580] count=1, duration=512
[mov,mp4,m4a,3gp,3g2,mj2 @ 00000227c9957580] count=1, duration=2560
[mov,mp4,m4a,3gp,3g2,mj2 @ 00000227c9957580] count=1, duration=1024
[mov,mp4,m4a,3gp,3g2,mj2 @ 00000227c9957580] count=1, duration=0
[mov,mp4,m4a,3gp,3g2,mj2 @ 00000227c9957580] count=1, duration=512
[mov,mp4,m4a,3gp,3g2,mj2 @ 00000227c9957580] count=1, duration=2560
[mov,mp4,m4a,3gp,3g2,mj2 @ 00000227c9957580] count=1, duration=1024
[mov,mp4,m4a,3gp,3g2,mj2 @ 00000227c9957580] count=1, duration=0
[mov,mp4,m4a,3gp,3g2,mj2 @ 00000227c9957580] count=1, duration=512
[mov,mp4,m4a,3gp,3g2,mj2 @ 00000227c9957580] count=1, duration=2560
[mov,mp4,m4a,3gp,3g2,mj2 @ 00000227c9957580] count=1, duration=1024
[mov,mp4,m4a,3gp,3g2,mj2 @ 00000227c9957580] count=1, duration=0
[mov,mp4,m4a,3gp,3g2,mj2 @ 00000227c9957580] count=1, duration=512
[mov,mp4,m4a,3gp,3g2,mj2 @ 00000227c9957580] count=1, duration=2048
[mov,mp4,m4a,3gp,3g2,mj2 @ 00000227c9957580] count=2, duration=512
[mov,mp4,m4a,3gp,3g2,mj2 @ 00000227c9957580] dts shift 0
[mov,mp4,m4a,3gp,3g2,mj2 @ 00000227c9957580] type:'stsc' parent:'stbl' sz: 28 2194 3218
[mov,mp4,m4a,3gp,3g2,mj2 @ 00000227c9957580] track[0].stsc.entries = 1
[mov,mp4,m4a,3gp,3g2,mj2 @ 00000227c9957580] type:'stsz' parent:'stbl' sz: 984 2222 3218
[mov,mp4,m4a,3gp,3g2,mj2 @ 00000227c9957580] sample_size = 0 sample_count = 241
[mov,mp4,m4a,3gp,3g2,mj2 @ 00000227c9957580] type:'stco' parent:'stbl' sz: 20 3206 3218
[mov,mp4,m4a,3gp,3g2,mj2 @ 00000227c9957580] AVIndex stream 0, sample 0, offset ebc, dts 0, size 9359, distance 0, keyframe 1
[mov,mp4,m4a,3gp,3g2,mj2 @ 00000227c9957580] AVIndex stream 0, sample 1, offset 334b, dts 512, size 3101, distance 1, keyframe 0
[mov,mp4,m4a,3gp,3g2,mj2 @ 00000227c9957580] AVIndex stream 0, sample 2, offset 3f68, dts 1024, size 584, distance 2, keyframe 0
[mov,mp4,m4a,3gp,3g2,mj2 @ 00000227c9957580] AVIndex stream 0, sample 3, offset 41b0, dts 1536, size 2432, distance 3, keyframe 0
[mov,mp4,m4a,3gp,3g2,mj2 @ 00000227c9957580] AVIndex stream 0, sample 4, offset 4b30, dts 2048, size 711, distance 4, keyframe 0
[mov,mp4,m4a,3gp,3g2,mj2 @ 00000227c9957580] AVIndex stream 0, sample 5, offset 4df7, dts 2560, size 284, distance 5, keyframe 0
[mov,mp4,m4a,3gp,3g2,mj2 @ 00000227c9957580] AVIndex stream 0, sample 6, offset 4f13, dts 3072, size 394, distance 6, keyframe 0
[mov,mp4,m4a,3gp,3g2,mj2 @ 00000227c9957580] AVIndex stream 0, sample 7, offset 509d, dts 3584, size 2934, distance 7, keyframe 0
[mov,mp4,m4a,3gp,3g2,mj2 @ 00000227c9957580] AVIndex stream 0, sample 8, offset 5c13, dts 4096, size 754, distance 8, keyframe 0
[mov,mp4,m4a,3gp,3g2,mj2 @ 00000227c9957580] AVIndex stream 0, sample 9, offset 5f05, dts 4608, size 526, distance 9, keyframe 0
[mov,mp4,m4a,3gp,3g2,mj2 @ 00000227c9957580] AVIndex stream 0, sample 10, offset 6113, dts 5120, size 435, distance 10, keyframe 0
[mov,mp4,m4a,3gp,3g2,mj2 @ 00000227c9957580] AVIndex stream 0, sample 11, offset 62c6, dts 5632, size 1764, distance 11, keyframe 0
[mov,mp4,m4a,3gp,3g2,mj2 @ 00000227c9957580] AVIndex stream 0, sample 12, offset 69aa, dts 6144, size 497, distance 12, keyframe 0
[mov,mp4,m4a,3gp,3g2,mj2 @ 00000227c9957580] AVIndex stream 0, sample 13, offset 6b9b, dts 6656, size 344, distance 13, keyframe 0
[mov,mp4,m4a,3gp,3g2,mj2 @ 00000227c9957580] AVIndex stream 0, sample 14, offset 6cf3, dts 7168, size 233, distance 14, keyframe 0
[mov,mp4,m4a,3gp,3g2,mj2 @ 00000227c9957580] AVIndex stream 0, sample 15, offset 6ddc, dts 7680, size 1472, distance 15, keyframe 0
[mov,mp4,m4a,3gp,3g2,mj2 @ 00000227c9957580] AVIndex stream 0, sample 16, offset 739c, dts 8192, size 445, distance 16, keyframe 0
[mov,mp4,m4a,3gp,3g2,mj2 @ 00000227c9957580] AVIndex stream 0, sample 17, offset 7559, dts 8704, size 278, distance 17, keyframe 0
[mov,mp4,m4a,3gp,3g2,mj2 @ 00000227c9957580] AVIndex stream 0, sample 18, offset 766f, dts 9216, size 251, distance 18, keyframe 0
[mov,mp4,m4a,3gp,3g2,mj2 @ 00000227c9957580] AVIndex stream 0, sample 19, offset 776a, dts 9728, size 1735, distance 19, keyframe 0
[mov,mp4,m4a,3gp,3g2,mj2 @ 00000227c9957580] AVIndex stream 0, sample 20, offset 7e31, dts 10240, size 493, distance 20, keyframe 0
[mov,mp4,m4a,3gp,3g2,mj2 @ 00000227c9957580] AVIndex stream 0, sample 21, offset 801e, dts 10752, size 290, distance 21, keyframe 0
[mov,mp4,m4a,3gp,3g2,mj2 @ 00000227c9957580] AVIndex stream 0, sample 22, offset 8140, dts 11264, size 308, distance 22, keyframe 0
[mov,mp4,m4a,3gp,3g2,mj2 @ 00000227c9957580] AVIndex stream 0, sample 23, offset 8274, dts 11776, size 1358, distance 23, keyframe 0
[mov,mp4,m4a,3gp,3g2,mj2 @ 00000227c9957580] AVIndex stream 0, sample 24, offset 87c2, dts 12288, size 542, distance 24, keyframe 0
[mov,mp4,m4a,3gp,3g2,mj2 @ 00000227c9957580] AVIndex stream 0, sample 25, offset 89e0, dts 12800, size 205, distance 25, keyframe 0
[mov,mp4,m4a,3gp,3g2,mj2 @ 00000227c9957580] AVIndex stream 0, sample 26, offset 8aad, dts 13312, size 202, distance 26, keyframe 0
[mov,mp4,m4a,3gp,3g2,mj2 @ 00000227c9957580] AVIndex stream 0, sample 27, offset 8b77, dts 13824, size 1481, distance 27, keyframe 0
[mov,mp4,m4a,3gp,3g2,mj2 @ 00000227c9957580] AVIndex stream 0, sample 28, offset 9140, dts 14336, size 430, distance 28, keyframe 0
[mov,mp4,m4a,3gp,3g2,mj2 @ 00000227c9957580] AVIndex stream 0, sample 29, offset 92ee, dts 14848, size 211, distance 29, keyframe 0
[mov,mp4,m4a,3gp,3g2,mj2 @ 00000227c9957580] AVIndex stream 0, sample 30, offset 93c1, dts 15360, size 337, distance 30, keyframe 0
[mov,mp4,m4a,3gp,3g2,mj2 @ 00000227c9957580] AVIndex stream 0, sample 31, offset 9512, dts 15872, size 1950, distance 31, keyframe 0
[mov,mp4,m4a,3gp,3g2,mj2 @ 00000227c9957580] AVIndex stream 0, sample 32, offset 9cb0, dts 16384, size 555, distance 32, keyframe 0
[mov,mp4,m4a,3gp,3g2,mj2 @ 00000227c9957580] AVIndex stream 0, sample 33, offset 9edb, dts 16896, size 266, distance 33, keyframe 0
[mov,mp4,m4a,3gp,3g2,mj2 @ 00000227c9957580] AVIndex stream 0, sample 34, offset 9fe5, dts 17408, size 409, distance 34, keyframe 0
[mov,mp4,m4a,3gp,3g2,mj2 @ 00000227c9957580] AVIndex stream 0, sample 35, offset a17e, dts 17920, size 2139, distance 35, keyframe 0
[mov,mp4,m4a,3gp,3g2,mj2 @ 00000227c9957580] AVIndex stream 0, sample 36, offset a9d9, dts 18432, size 659, distance 36, keyframe 0
[mov,mp4,m4a,3gp,3g2,mj2 @ 00000227c9957580] AVIndex stream 0, sample 37, offset ac6c, dts 18944, size 334, distance 37, keyframe 0
[mov,mp4,m4a,3gp,3g2,mj2 @ 00000227c9957580] AVIndex stream 0, sample 38, offset adba, dts 19456, size 312, distance 38, keyframe 0
[mov,mp4,m4a,3gp,3g2,mj2 @ 00000227c9957580] AVIndex stream 0, sample 39, offset aef2, dts 19968, size 2126, distance 39, keyframe 0
[mov,mp4,m4a,3gp,3g2,mj2 @ 00000227c9957580] AVIndex stream 0, sample 40, offset b740, dts 20480, size 515, distance 40, keyframe 0
[mov,mp4,m4a,3gp,3g2,mj2 @ 00000227c9957580] AVIndex stream 0, sample 41, offset b943, dts 20992, size 226, distance 41, keyframe 0
[mov,mp4,m4a,3gp,3g2,mj2 @ 00000227c9957580] AVIndex stream 0, sample 42, offset ba25, dts 21504, size 460, distance 42, keyframe 0
[mov,mp4,m4a,3gp,3g2,mj2 @ 00000227c9957580] AVIndex stream 0, sample 43, offset bbf1, dts 22016, size 2220, distance 43, keyframe 0
[mov,mp4,m4a,3gp,3g2,mj2 @ 00000227c9957580] AVIndex stream 0, sample 44, offset c49d, dts 22528, size 749, distance 44, keyframe 0
[mov,mp4,m4a,3gp,3g2,mj2 @ 00000227c9957580] AVIndex stream 0, sample 45, offset c78a, dts 23040, size 396, distance 45, keyframe 0
[mov,mp4,m4a,3gp,3g2,mj2 @ 00000227c9957580] AVIndex stream 0, sample 46, offset c916, dts 23552, size 383, distance 46, keyframe 0
[mov,mp4,m4a,3gp,3g2,mj2 @ 00000227c9957580] AVIndex stream 0, sample 47, offset ca95, dts 24064, size 2528, distance 47, keyframe 0
[mov,mp4,m4a,3gp,3g2,mj2 @ 00000227c9957580] AVIndex stream 0, sample 48, offset d475, dts 24576, size 826, distance 48, keyframe 0
[mov,mp4,m4a,3gp,3g2,mj2 @ 00000227c9957580] AVIndex stream 0, sample 49, offset d7af, dts 25088, size 431, distance 49, keyframe 0
[mov,mp4,m4a,3gp,3g2,mj2 @ 00000227c9957580] AVIndex stream 0, sample 50, offset d95e, dts 25600, size 524, distance 50, keyframe 0
[mov,mp4,m4a,3gp,3g2,mj2 @ 00000227c9957580] AVIndex stream 0, sample 51, offset db6a, dts 26112, size 3003, distance 51, keyframe 0
[mov,mp4,m4a,3gp,3g2,mj2 @ 00000227c9957580] AVIndex stream 0, sample 52, offset e725, dts 26624, size 1135, distance 52, keyframe 0
[mov,mp4,m4a,3gp,3g2,mj2 @ 00000227c9957580] AVIndex stream 0, sample 53, offset eb94, dts 27136, size 543, distance 53, keyframe 0
[mov,mp4,m4a,3gp,3g2,mj2 @ 00000227c9957580] AVIndex stream 0, sample 54, offset edb3, dts 27648, size 713, distance 54, keyframe 0
[mov,mp4,m4a,3gp,3g2,mj2 @ 00000227c9957580] AVIndex stream 0, sample 55, offset f07c, dts 28160, size 3481, distance 55, keyframe 0
[mov,mp4,m4a,3gp,3g2,mj2 @ 00000227c9957580] AVIndex stream 0, sample 56, offset fe15, dts 28672, size 1236, distance 56, keyframe 0
[mov,mp4,m4a,3gp,3g2,mj2 @ 00000227c9957580] AVIndex stream 0, sample 57, offset 102e9, dts 29184, size 557, distance 57, keyframe 0
[mov,mp4,m4a,3gp,3g2,mj2 @ 00000227c9957580] AVIndex stream 0, sample 58, offset 10516, dts 29696, size 791, distance 58, keyframe 0
[mov,mp4,m4a,3gp,3g2,mj2 @ 00000227c9957580] AVIndex stream 0, sample 59, offset 1082d, dts 30208, size 3682, distance 59, keyframe 0
[mov,mp4,m4a,3gp,3g2,mj2 @ 00000227c9957580] AVIndex stream 0, sample 60, offset 1168f, dts 30720, size 1218, distance 60, keyframe 0
[mov,mp4,m4a,3gp,3g2,mj2 @ 00000227c9957580] AVIndex stream 0, sample 61, offset 11b51, dts 31232, size 540, distance 61, keyframe 0
[mov,mp4,m4a,3gp,3g2,mj2 @ 00000227c9957580] AVIndex stream 0, sample 62, offset 11d6d, dts 31744, size 1014, distance 62, keyframe 0
[mov,mp4,m4a,3gp,3g2,mj2 @ 00000227c9957580] AVIndex stream 0, sample 63, offset 12163, dts 32256, size 4398, distance 63, keyframe 0
[mov,mp4,m4a,3gp,3g2,mj2 @ 00000227c9957580] AVIndex stream 0, sample 64, offset 13291, dts 32768, size 1550, distance 64, keyframe 0
[mov,mp4,m4a,3gp,3g2,mj2 @ 00000227c9957580] AVIndex stream 0, sample 65, offset 1389f, dts 33280, size 694, distance 65, keyframe 0
[mov,mp4,m4a,3gp,3g2,mj2 @ 00000227c9957580] AVIndex stream 0, sample 66, offset 13b55, dts 33792, size 907, distance 66, keyframe 0
[mov,mp4,m4a,3gp,3g2,mj2 @ 00000227c9957580] AVIndex stream 0, sample 67, offset 13ee0, dts 34304, size 4413, distance 67, keyframe 0
[mov,mp4,m4a,3gp,3g2,mj2 @ 00000227c9957580] AVIndex stream 0, sample 68, offset 1501d, dts 34816, size 1307, distance 68, keyframe 0
[mov,mp4,m4a,3gp,3g2,mj2 @ 00000227c9957580] AVIndex stream 0, sample 69, offset 15538, dts 35328, size 620, distance 69, keyframe 0
[mov,mp4,m4a,3gp,3g2,mj2 @ 00000227c9957580] AVIndex stream 0, sample 70, offset 157a4, dts 35840, size 745, distance 70, keyframe 0
[mov,mp4,m4a,3gp,3g2,mj2 @ 00000227c9957580] AVIndex stream 0, sample 71, offset 15a8d, dts 36352, size 3891, distance 71, keyframe 0
[mov,mp4,m4a,3gp,3g2,mj2 @ 00000227c9957580] AVIndex stream 0, sample 72, offset 169c0, dts 36864, size 1114, distance 72, keyframe 0
[mov,mp4,m4a,3gp,3g2,mj2 @ 00000227c9957580] AVIndex stream 0, sample 73, offset 16e1a, dts 37376, size 534, distance 73, keyframe 0
[mov,mp4,m4a,3gp,3g2,mj2 @ 00000227c9957580] AVIndex stream 0, sample 74, offset 17030, dts 37888, size 649, distance 74, keyframe 0
[mov,mp4,m4a,3gp,3g2,mj2 @ 00000227c9957580] AVIndex stream 0, sample 75, offset 172b9, dts 38400, size 4060, distance 75, keyframe 0
[mov,mp4,m4a,3gp,3g2,mj2 @ 00000227c9957580] AVIndex stream 0, sample 76, offset 18295, dts 38912, size 1267, distance 76, keyframe 0
[mov,mp4,m4a,3gp,3g2,mj2 @ 00000227c9957580] AVIndex stream 0, sample 77, offset 18788, dts 39424, size 572, distance 77, keyframe 0
[mov,mp4,m4a,3gp,3g2,mj2 @ 00000227c9957580] AVIndex stream 0, sample 78, offset 189c4, dts 39936, size 707, distance 78, keyframe 0
[mov,mp4,m4a,3gp,3g2,mj2 @ 00000227c9957580] AVIndex stream 0, sample 79, offset 18c87, dts 40448, size 4189, distance 79, keyframe 0
[mov,mp4,m4a,3gp,3g2,mj2 @ 00000227c9957580] AVIndex stream 0, sample 80, offset 19ce4, dts 40960, size 1283, distance 80, keyframe 0
[mov,mp4,m4a,3gp,3g2,mj2 @ 00000227c9957580] AVIndex stream 0, sample 81, offset 1a1e7, dts 41472, size 653, distance 81, keyframe 0
[mov,mp4,m4a,3gp,3g2,mj2 @ 00000227c9957580] AVIndex stream 0, sample 82, offset 1a474, dts 41984, size 739, distance 82, keyframe 0
[mov,mp4,m4a,3gp,3g2,mj2 @ 00000227c9957580] AVIndex stream 0, sample 83, offset 1a757, dts 42496, size 4010, distance 83, keyframe 0
[mov,mp4,m4a,3gp,3g2,mj2 @ 00000227c9957580] AVIndex stream 0, sample 84, offset 1b701, dts 43008, size 1148, distance 84, keyframe 0
[mov,mp4,m4a,3gp,3g2,mj2 @ 00000227c9957580] AVIndex stream 0, sample 85, offset 1bb7d, dts 43520, size 598, distance 85, keyframe 0
[mov,mp4,m4a,3gp,3g2,mj2 @ 00000227c9957580] AVIndex stream 0, sample 86, offset 1bdd3, dts 44032, size 753, distance 86, keyframe 0
[mov,mp4,m4a,3gp,3g2,mj2 @ 00000227c9957580] AVIndex stream 0, sample 87, offset 1c0c4, dts 44544, size 4182, distance 87, keyframe 0
[mov,mp4,m4a,3gp,3g2,mj2 @ 00000227c9957580] AVIndex stream 0, sample 88, offset 1d11a, dts 45056, size 1141, distance 88, keyframe 0
[mov,mp4,m4a,3gp,3g2,mj2 @ 00000227c9957580] AVIndex stream 0, sample 89, offset 1d58f, dts 45568, size 573, distance 89, keyframe 0
[mov,mp4,m4a,3gp,3g2,mj2 @ 00000227c9957580] AVIndex stream 0, sample 90, offset 1d7cc, dts 46080, size 694, distance 90, keyframe 0
[mov,mp4,m4a,3gp,3g2,mj2 @ 00000227c9957580] AVIndex stream 0, sample 91, offset 1da82, dts 46592, size 3838, distance 91, keyframe 0
[mov,mp4,m4a,3gp,3g2,mj2 @ 00000227c9957580] AVIndex stream 0, sample 92, offset 1e980, dts 47104, size 1059, distance 92, keyframe 0
[mov,mp4,m4a,3gp,3g2,mj2 @ 00000227c9957580] AVIndex stream 0, sample 93, offset 1eda3, dts 47616, size 558, distance 93, keyframe 0
[mov,mp4,m4a,3gp,3g2,mj2 @ 00000227c9957580] AVIndex stream 0, sample 94, offset 1efd1, dts 48128, size 591, distance 94, keyframe 0
[mov,mp4,m4a,3gp,3g2,mj2 @ 00000227c9957580] AVIndex stream 0, sample 95, offset 1f220, dts 48640, size 3437, distance 95, keyframe 0
[mov,mp4,m4a,3gp,3g2,mj2 @ 00000227c9957580] AVIndex stream 0, sample 96, offset 1ff8d, dts 49152, size 942, distance 96, keyframe 0
[mov,mp4,m4a,3gp,3g2,mj2 @ 00000227c9957580] AVIndex stream 0, sample 97, offset 2033b, dts 49664, size 434, distance 97, keyframe 0
[mov,mp4,m4a,3gp,3g2,mj2 @ 00000227c9957580] AVIndex stream 0, sample 98, offset 204ed, dts 50176, size 492, distance 98, keyframe 0
[mov,mp4,m4a,3gp,3g2,mj2 @ 00000227c9957580] AVIndex stream 0, sample 99, offset 206d9, dts 50688, size 3629, distance 99, keyframe 0
[mov,mp4,m4a,3gp,3g2,mj2 @ 00000227c9957580] AVIndex stream 0, sample 100, offset 21506, dts 51200, size 837, distance 100, keyframe 0
[mov,mp4,m4a,3gp,3g2,mj2 @ 00000227c9957580] AVIndex stream 0, sample 101, offset 2184b, dts 51712, size 435, distance 101, keyframe 0
[mov,mp4,m4a,3gp,3g2,mj2 @ 00000227c9957580] AVIndex stream 0, sample 102, offset 219fe, dts 52224, size 573, distance 102, keyframe 0
[mov,mp4,m4a,3gp,3g2,mj2 @ 00000227c9957580] AVIndex stream 0, sample 103, offset 21c3b, dts 52736, size 3565, distance 103, keyframe 0
[mov,mp4,m4a,3gp,3g2,mj2 @ 00000227c9957580] AVIndex stream 0, sample 104, offset 22a28, dts 53248, size 815, distance 104, keyframe 0
[mov,mp4,m4a,3gp,3g2,mj2 @ 00000227c9957580] AVIndex stream 0, sample 105, offset 22d57, dts 53760, size 434, distance 105, keyframe 0
[mov,mp4,m4a,3gp,3g2,mj2 @ 00000227c9957580] AVIndex stream 0, sample 106, offset 22f09, dts 54272, size 459, distance 106, keyframe 0
[mov,mp4,m4a,3gp,3g2,mj2 @ 00000227c9957580] AVIndex stream 0, sample 107, offset 230d4, dts 54784, size 3206, distance 107, keyframe 0
[mov,mp4,m4a,3gp,3g2,mj2 @ 00000227c9957580] AVIndex stream 0, sample 108, offset 23d5a, dts 55296, size 694, distance 108, keyframe 0
[mov,mp4,m4a,3gp,3g2,mj2 @ 00000227c9957580] AVIndex stream 0, sample 109, offset 24010, dts 55808, size 261, distance 109, keyframe 0
[mov,mp4,m4a,3gp,3g2,mj2 @ 00000227c9957580] AVIndex stream 0, sample 110, offset 24115, dts 56320, size 455, distance 110, keyframe 0
[mov,mp4,m4a,3gp,3g2,mj2 @ 00000227c9957580] AVIndex stream 0, sample 111, offset 242dc, dts 56832, size 3333, distance 111, keyframe 0
[mov,mp4,m4a,3gp,3g2,mj2 @ 00000227c9957580] AVIndex stream 0, sample 112, offset 24fe1, dts 57344, size 841, distance 112, keyframe 0
[mov,mp4,m4a,3gp,3g2,mj2 @ 00000227c9957580] AVIndex stream 0, sample 113, offset 2532a, dts 57856, size 362, distance 113, keyframe 0
[mov,mp4,m4a,3gp,3g2,mj2 @ 00000227c9957580] AVIndex stream 0, sample 114, offset 25494, dts 58368, size 433, distance 114, keyframe 0
[mov,mp4,m4a,3gp,3g2,mj2 @ 00000227c9957580] AVIndex stream 0, sample 115, offset 25645, dts 58880, size 3267, distance 115, keyframe 0
[mov,mp4,m4a,3gp,3g2,mj2 @ 00000227c9957580] AVIndex stream 0, sample 116, offset 26308, dts 59392, size 844, distance 116, keyframe 0
[mov,mp4,m4a,3gp,3g2,mj2 @ 00000227c9957580] AVIndex stream 0, sample 117, offset 26654, dts 59904, size 350, distance 117, keyframe 0
[mov,mp4,m4a,3gp,3g2,mj2 @ 00000227c9957580] AVIndex stream 0, sample 118, offset 267b2, dts 60416, size 562, distance 118, keyframe 0
[mov,mp4,m4a,3gp,3g2,mj2 @ 00000227c9957580] AVIndex stream 0, sample 119, offset 269e4, dts 60928, size 3891, distance 119, keyframe 0
[mov,mp4,m4a,3gp,3g2,mj2 @ 00000227c9957580] AVIndex stream 0, sample 120, offset 27917, dts 61440, size 950, distance 120, keyframe 0
[mov,mp4,m4a,3gp,3g2,mj2 @ 00000227c9957580] AVIndex stream 0, sample 121, offset 27ccd, dts 61952, size 397, distance 121, keyframe 0
[mov,mp4,m4a,3gp,3g2,mj2 @ 00000227c9957580] AVIndex stream 0, sample 122, offset 27e5a, dts 62464, size 556, distance 122, keyframe 0
[mov,mp4,m4a,3gp,3g2,mj2 @ 00000227c9957580] AVIndex stream 0, sample 123, offset 28086, dts 62976, size 4188, distance 123, keyframe 0
[mov,mp4,m4a,3gp,3g2,mj2 @ 00000227c9957580] AVIndex stream 0, sample 124, offset 290e2, dts 63488, size 1193, distance 124, keyframe 0
[mov,mp4,m4a,3gp,3g2,mj2 @ 00000227c9957580] AVIndex stream 0, sample 125, offset 2958b, dts 64000, size 456, distance 125, keyframe 0
[mov,mp4,m4a,3gp,3g2,mj2 @ 00000227c9957580] AVIndex stream 0, sample 126, offset 29753, dts 64512, size 576, distance 126, keyframe 0
[mov,mp4,m4a,3gp,3g2,mj2 @ 00000227c9957580] AVIndex stream 0, sample 127, offset 29993, dts 65024, size 4064, distance 127, keyframe 0
[mov,mp4,m4a,3gp,3g2,mj2 @ 00000227c9957580] AVIndex stream 0, sample 128, offset 2a973, dts 65536, size 1116, distance 128, keyframe 0
[mov,mp4,m4a,3gp,3g2,mj2 @ 00000227c9957580] AVIndex stream 0, sample 129, offset 2adcf, dts 66048, size 450, distance 129, keyframe 0
[mov,mp4,m4a,3gp,3g2,mj2 @ 00000227c9957580] AVIndex stream 0, sample 130, offset 2af91, dts 66560, size 640, distance 130, keyframe 0
[mov,mp4,m4a,3gp,3g2,mj2 @ 00000227c9957580] AVIndex stream 0, sample 131, offset 2b211, dts 67072, size 3909, distance 131, keyframe 0
[mov,mp4,m4a,3gp,3g2,mj2 @ 00000227c9957580] AVIndex stream 0, sample 132, offset 2c156, dts 67584, size 1056, distance 132, keyframe 0
[mov,mp4,m4a,3gp,3g2,mj2 @ 00000227c9957580] AVIndex stream 0, sample 133, offset 2c576, dts 68096, size 365, distance 133, keyframe 0
[mov,mp4,m4a,3gp,3g2,mj2 @ 00000227c9957580] AVIndex stream 0, sample 134, offset 2c6e3, dts 68608, size 638, distance 134, keyframe 0
[mov,mp4,m4a,3gp,3g2,mj2 @ 00000227c9957580] AVIndex stream 0, sample 135, offset 2c961, dts 69120, size 3839, distance 135, keyframe 0
[mov,mp4,m4a,3gp,3g2,mj2 @ 00000227c9957580] AVIndex stream 0, sample 136, offset 2d860, dts 69632, size 1029, distance 136, keyframe 0
[mov,mp4,m4a,3gp,3g2,mj2 @ 00000227c9957580] AVIndex stream 0, sample 137, offset 2dc65, dts 70144, size 416, distance 137, keyframe 0
[mov,mp4,m4a,3gp,3g2,mj2 @ 00000227c9957580] AVIndex stream 0, sample 138, offset 2de05, dts 70656, size 461, distance 138, keyframe 0
[mov,mp4,m4a,3gp,3g2,mj2 @ 00000227c9957580] AVIndex stream 0, sample 139, offset 2dfd2, dts 71168, size 3332, distance 139, keyframe 0
[mov,mp4,m4a,3gp,3g2,mj2 @ 00000227c9957580] AVIndex stream 0, sample 140, offset 2ecd6, dts 71680, size 917, distance 140, keyframe 0
[mov,mp4,m4a,3gp,3g2,mj2 @ 00000227c9957580] AVIndex stream 0, sample 141, offset 2f06b, dts 72192, size 349, distance 141, keyframe 0
[mov,mp4,m4a,3gp,3g2,mj2 @ 00000227c9957580] AVIndex stream 0, sample 142, offset 2f1c8, dts 72704, size 605, distance 142, keyframe 0
[mov,mp4,m4a,3gp,3g2,mj2 @ 00000227c9957580] AVIndex stream 0, sample 143, offset 2f425, dts 73216, size 2938, distance 143, keyframe 0
[mov,mp4,m4a,3gp,3g2,mj2 @ 00000227c9957580] AVIndex stream 0, sample 144, offset 2ff9f, dts 73728, size 855, distance 144, keyframe 0
[mov,mp4,m4a,3gp,3g2,mj2 @ 00000227c9957580] AVIndex stream 0, sample 145, offset 302f6, dts 74240, size 275, distance 145, keyframe 0
[mov,mp4,m4a,3gp,3g2,mj2 @ 00000227c9957580] AVIndex stream 0, sample 146, offset 30409, dts 74752, size 422, distance 146, keyframe 0
[mov,mp4,m4a,3gp,3g2,mj2 @ 00000227c9957580] AVIndex stream 0, sample 147, offset 305af, dts 75264, size 2761, distance 147, keyframe 0
[mov,mp4,m4a,3gp,3g2,mj2 @ 00000227c9957580] AVIndex stream 0, sample 148, offset 31078, dts 75776, size 941, distance 148, keyframe 0
[mov,mp4,m4a,3gp,3g2,mj2 @ 00000227c9957580] AVIndex stream 0, sample 149, offset 31425, dts 76288, size 374, distance 149, keyframe 0
[mov,mp4,m4a,3gp,3g2,mj2 @ 00000227c9957580] AVIndex stream 0, sample 150, offset 3159b, dts 76800, size 467, distance 150, keyframe 0
[mov,mp4,m4a,3gp,3g2,mj2 @ 00000227c9957580] AVIndex stream 0, sample 151, offset 3176e, dts 77312, size 2938, distance 151, keyframe 0
[mov,mp4,m4a,3gp,3g2,mj2 @ 00000227c9957580] AVIndex stream 0, sample 152, offset 322e8, dts 77824, size 929, distance 152, keyframe 0
[mov,mp4,m4a,3gp,3g2,mj2 @ 00000227c9957580] AVIndex stream 0, sample 153, offset 32689, dts 78336, size 445, distance 153, keyframe 0
[mov,mp4,m4a,3gp,3g2,mj2 @ 00000227c9957580] AVIndex stream 0, sample 154, offset 32846, dts 78848, size 563, distance 154, keyframe 0
[mov,mp4,m4a,3gp,3g2,mj2 @ 00000227c9957580] AVIndex stream 0, sample 155, offset 32a79, dts 79360, size 2925, distance 155, keyframe 0
[mov,mp4,m4a,3gp,3g2,mj2 @ 00000227c9957580] AVIndex stream 0, sample 156, offset 335e6, dts 79872, size 817, distance 156, keyframe 0
[mov,mp4,m4a,3gp,3g2,mj2 @ 00000227c9957580] AVIndex stream 0, sample 157, offset 33917, dts 80384, size 253, distance 157, keyframe 0
[mov,mp4,m4a,3gp,3g2,mj2 @ 00000227c9957580] AVIndex stream 0, sample 158, offset 33a14, dts 80896, size 522, distance 158, keyframe 0
[mov,mp4,m4a,3gp,3g2,mj2 @ 00000227c9957580] AVIndex stream 0, sample 159, offset 33c1e, dts 81408, size 2814, distance 159, keyframe 0
[mov,mp4,m4a,3gp,3g2,mj2 @ 00000227c9957580] AVIndex stream 0, sample 160, offset 3471c, dts 81920, size 663, distance 160, keyframe 0
[mov,mp4,m4a,3gp,3g2,mj2 @ 00000227c9957580] AVIndex stream 0, sample 161, offset 349b3, dts 82432, size 524, distance 161, keyframe 0
[mov,mp4,m4a,3gp,3g2,mj2 @ 00000227c9957580] AVIndex stream 0, sample 162, offset 34bbf, dts 82944, size 3261, distance 162, keyframe 0
[mov,mp4,m4a,3gp,3g2,mj2 @ 00000227c9957580] AVIndex stream 0, sample 163, offset 3587c, dts 83456, size 975, distance 163, keyframe 0
[mov,mp4,m4a,3gp,3g2,mj2 @ 00000227c9957580] AVIndex stream 0, sample 164, offset 35c4b, dts 83968, size 536, distance 164, keyframe 0
[mov,mp4,m4a,3gp,3g2,mj2 @ 00000227c9957580] AVIndex stream 0, sample 165, offset 35e63, dts 84480, size 525, distance 165, keyframe 0
[mov,mp4,m4a,3gp,3g2,mj2 @ 00000227c9957580] AVIndex stream 0, sample 166, offset 36070, dts 84992, size 3432, distance 166, keyframe 0
[mov,mp4,m4a,3gp,3g2,mj2 @ 00000227c9957580] AVIndex stream 0, sample 167, offset 36dd8, dts 85504, size 1050, distance 167, keyframe 0
[mov,mp4,m4a,3gp,3g2,mj2 @ 00000227c9957580] AVIndex stream 0, sample 168, offset 371f2, dts 86016, size 244, distance 168, keyframe 0
[mov,mp4,m4a,3gp,3g2,mj2 @ 00000227c9957580] AVIndex stream 0, sample 169, offset 372e6, dts 86528, size 594, distance 169, keyframe 0
[mov,mp4,m4a,3gp,3g2,mj2 @ 00000227c9957580] AVIndex stream 0, sample 170, offset 37538, dts 87040, size 3284, distance 170, keyframe 0
[mov,mp4,m4a,3gp,3g2,mj2 @ 00000227c9957580] AVIndex stream 0, sample 171, offset 3820c, dts 87552, size 1024, distance 171, keyframe 0
[mov,mp4,m4a,3gp,3g2,mj2 @ 00000227c9957580] AVIndex stream 0, sample 172, offset 3860c, dts 88064, size 483, distance 172, keyframe 0
[mov,mp4,m4a,3gp,3g2,mj2 @ 00000227c9957580] AVIndex stream 0, sample 173, offset 387ef, dts 88576, size 507, distance 173, keyframe 0
[mov,mp4,m4a,3gp,3g2,mj2 @ 00000227c9957580] AVIndex stream 0, sample 174, offset 389ea, dts 89088, size 3229, distance 174, keyframe 0
[mov,mp4,m4a,3gp,3g2,mj2 @ 00000227c9957580] AVIndex stream 0, sample 175, offset 39687, dts 89600, size 902, distance 175, keyframe 0
[mov,mp4,m4a,3gp,3g2,mj2 @ 00000227c9957580] AVIndex stream 0, sample 176, offset 39a0d, dts 90112, size 466, distance 176, keyframe 0
[mov,mp4,m4a,3gp,3g2,mj2 @ 00000227c9957580] AVIndex stream 0, sample 177, offset 39bdf, dts 90624, size 462, distance 177, keyframe 0
[mov,mp4,m4a,3gp,3g2,mj2 @ 00000227c9957580] AVIndex stream 0, sample 178, offset 39dad, dts 91136, size 3054, distance 178, keyframe 0
[mov,mp4,m4a,3gp,3g2,mj2 @ 00000227c9957580] AVIndex stream 0, sample 179, offset 3a99b, dts 91648, size 922, distance 179, keyframe 0
[mov,mp4,m4a,3gp,3g2,mj2 @ 00000227c9957580] AVIndex stream 0, sample 180, offset 3ad35, dts 92160, size 232, distance 180, keyframe 0
[mov,mp4,m4a,3gp,3g2,mj2 @ 00000227c9957580] AVIndex stream 0, sample 181, offset 3ae1d, dts 92672, size 547, distance 181, keyframe 0
[mov,mp4,m4a,3gp,3g2,mj2 @ 00000227c9957580] AVIndex stream 0, sample 182, offset 3b040, dts 93184, size 3255, distance 182, keyframe 0
[mov,mp4,m4a,3gp,3g2,mj2 @ 00000227c9957580] AVIndex stream 0, sample 183, offset 3bcf7, dts 93696, size 928, distance 183, keyframe 0
[mov,mp4,m4a,3gp,3g2,mj2 @ 00000227c9957580] AVIndex stream 0, sample 184, offset 3c097, dts 94208, size 422, distance 184, keyframe 0
[mov,mp4,m4a,3gp,3g2,mj2 @ 00000227c9957580] AVIndex stream 0, sample 185, offset 3c23d, dts 94720, size 413, distance 185, keyframe 0
[mov,mp4,m4a,3gp,3g2,mj2 @ 00000227c9957580] AVIndex stream 0, sample 186, offset 3c3da, dts 95232, size 3059, distance 186, keyframe 0
[mov,mp4,m4a,3gp,3g2,mj2 @ 00000227c9957580] AVIndex stream 0, sample 187, offset 3cfcd, dts 95744, size 838, distance 187, keyframe 0
[mov,mp4,m4a,3gp,3g2,mj2 @ 00000227c9957580] AVIndex stream 0, sample 188, offset 3d313, dts 96256, size 367, distance 188, keyframe 0
[mov,mp4,m4a,3gp,3g2,mj2 @ 00000227c9957580] AVIndex stream 0, sample 189, offset 3d482, dts 96768, size 417, distance 189, keyframe 0
[mov,mp4,m4a,3gp,3g2,mj2 @ 00000227c9957580] AVIndex stream 0, sample 190, offset 3d623, dts 97280, size 2826, distance 190, keyframe 0
[mov,mp4,m4a,3gp,3g2,mj2 @ 00000227c9957580] AVIndex stream 0, sample 191, offset 3e12d, dts 97792, size 701, distance 191, keyframe 0
[mov,mp4,m4a,3gp,3g2,mj2 @ 00000227c9957580] AVIndex stream 0, sample 192, offset 3e3ea, dts 98304, size 340, distance 192, keyframe 0
[mov,mp4,m4a,3gp,3g2,mj2 @ 00000227c9957580] AVIndex stream 0, sample 193, offset 3e53e, dts 98816, size 369, distance 193, keyframe 0
[mov,mp4,m4a,3gp,3g2,mj2 @ 00000227c9957580] AVIndex stream 0, sample 194, offset 3e6af, dts 99328, size 3047, distance 194, keyframe 0
[mov,mp4,m4a,3gp,3g2,mj2 @ 00000227c9957580] AVIndex stream 0, sample 195, offset 3f296, dts 99840, size 709, distance 195, keyframe 0
[mov,mp4,m4a,3gp,3g2,mj2 @ 00000227c9957580] AVIndex stream 0, sample 196, offset 3f55b, dts 100352, size 317, distance 196, keyframe 0
[mov,mp4,m4a,3gp,3g2,mj2 @ 00000227c9957580] AVIndex stream 0, sample 197, offset 3f698, dts 100864, size 357, distance 197, keyframe 0
[mov,mp4,m4a,3gp,3g2,mj2 @ 00000227c9957580] AVIndex stream 0, sample 198, offset 3f7fd, dts 101376, size 2917, distance 198, keyframe 0
[mov,mp4,m4a,3gp,3g2,mj2 @ 00000227c9957580] AVIndex stream 0, sample 199, offset 40362, dts 101888, size 712, distance 199, keyframe 0
[mov,mp4,m4a,3gp,3g2,mj2 @ 00000227c9957580] AVIndex stream 0, sample 200, offset 4062a, dts 102400, size 301, distance 200, keyframe 0
[mov,mp4,m4a,3gp,3g2,mj2 @ 00000227c9957580] AVIndex stream 0, sample 201, offset 40757, dts 102912, size 336, distance 201, keyframe 0
[mov,mp4,m4a,3gp,3g2,mj2 @ 00000227c9957580] AVIndex stream 0, sample 202, offset 408a7, dts 103424, size 2959, distance 202, keyframe 0
[mov,mp4,m4a,3gp,3g2,mj2 @ 00000227c9957580] AVIndex stream 0, sample 203, offset 41436, dts 103936, size 685, distance 203, keyframe 0
[mov,mp4,m4a,3gp,3g2,mj2 @ 00000227c9957580] AVIndex stream 0, sample 204, offset 416e3, dts 104448, size 213, distance 204, keyframe 0
[mov,mp4,m4a,3gp,3g2,mj2 @ 00000227c9957580] AVIndex stream 0, sample 205, offset 417b8, dts 104960, size 454, distance 205, keyframe 0
[mov,mp4,m4a,3gp,3g2,mj2 @ 00000227c9957580] AVIndex stream 0, sample 206, offset 4197e, dts 105472, size 2803, distance 206, keyframe 0
[mov,mp4,m4a,3gp,3g2,mj2 @ 00000227c9957580] AVIndex stream 0, sample 207, offset 42471, dts 105984, size 621, distance 207, keyframe 0
[mov,mp4,m4a,3gp,3g2,mj2 @ 00000227c9957580] AVIndex stream 0, sample 208, offset 426de, dts 106496, size 332, distance 208, keyframe 0
[mov,mp4,m4a,3gp,3g2,mj2 @ 00000227c9957580] AVIndex stream 0, sample 209, offset 4282a, dts 107008, size 295, distance 209, keyframe 0
[mov,mp4,m4a,3gp,3g2,mj2 @ 00000227c9957580] AVIndex stream 0, sample 210, offset 42951, dts 107520, size 2610, distance 210, keyframe 0
[mov,mp4,m4a,3gp,3g2,mj2 @ 00000227c9957580] AVIndex stream 0, sample 211, offset 43383, dts 108032, size 515, distance 211, keyframe 0
[mov,mp4,m4a,3gp,3g2,mj2 @ 00000227c9957580] AVIndex stream 0, sample 212, offset 43586, dts 108544, size 306, distance 212, keyframe 0
[mov,mp4,m4a,3gp,3g2,mj2 @ 00000227c9957580] AVIndex stream 0, sample 213, offset 436b8, dts 109056, size 281, distance 213, keyframe 0
[mov,mp4,m4a,3gp,3g2,mj2 @ 00000227c9957580] AVIndex stream 0, sample 214, offset 437d1, dts 109568, size 2370, distance 214, keyframe 0
[mov,mp4,m4a,3gp,3g2,mj2 @ 00000227c9957580] AVIndex stream 0, sample 215, offset 44113, dts 110080, size 564, distance 215, keyframe 0
[mov,mp4,m4a,3gp,3g2,mj2 @ 00000227c9957580] AVIndex stream 0, sample 216, offset 44347, dts 110592, size 205, distance 216, keyframe 0
[mov,mp4,m4a,3gp,3g2,mj2 @ 00000227c9957580] AVIndex stream 0, sample 217, offset 44414, dts 111104, size 341, distance 217, keyframe 0
[mov,mp4,m4a,3gp,3g2,mj2 @ 00000227c9957580] AVIndex stream 0, sample 218, offset 44569, dts 111616, size 2070, distance 218, keyframe 0
[mov,mp4,m4a,3gp,3g2,mj2 @ 00000227c9957580] AVIndex stream 0, sample 219, offset 44d7f, dts 112128, size 554, distance 219, keyframe 0
[mov,mp4,m4a,3gp,3g2,mj2 @ 00000227c9957580] AVIndex stream 0, sample 220, offset 44fa9, dts 112640, size 264, distance 220, keyframe 0
[mov,mp4,m4a,3gp,3g2,mj2 @ 00000227c9957580] AVIndex stream 0, sample 221, offset 450b1, dts 113152, size 327, distance 221, keyframe 0
[mov,mp4,m4a,3gp,3g2,mj2 @ 00000227c9957580] AVIndex stream 0, sample 222, offset 451f8, dts 113664, size 1881, distance 222, keyframe 0
[mov,mp4,m4a,3gp,3g2,mj2 @ 00000227c9957580] AVIndex stream 0, sample 223, offset 45951, dts 114176, size 456, distance 223, keyframe 0
[mov,mp4,m4a,3gp,3g2,mj2 @ 00000227c9957580] AVIndex stream 0, sample 224, offset 45b19, dts 114688, size 254, distance 224, keyframe 0
[mov,mp4,m4a,3gp,3g2,mj2 @ 00000227c9957580] AVIndex stream 0, sample 225, offset 45c17, dts 115200, size 253, distance 225, keyframe 0
[mov,mp4,m4a,3gp,3g2,mj2 @ 00000227c9957580] AVIndex stream 0, sample 226, offset 45d14, dts 115712, size 1535, distance 226, keyframe 0
[mov,mp4,m4a,3gp,3g2,mj2 @ 00000227c9957580] AVIndex stream 0, sample 227, offset 46313, dts 116224, size 467, distance 227, keyframe 0
[mov,mp4,m4a,3gp,3g2,mj2 @ 00000227c9957580] AVIndex stream 0, sample 228, offset 464e6, dts 116736, size 158, distance 228, keyframe 0
[mov,mp4,m4a,3gp,3g2,mj2 @ 00000227c9957580] AVIndex stream 0, sample 229, offset 46584, dts 117248, size 256, distance 229, keyframe 0
[mov,mp4,m4a,3gp,3g2,mj2 @ 00000227c9957580] AVIndex stream 0, sample 230, offset 46684, dts 117760, size 1055, distance 230, keyframe 0
[mov,mp4,m4a,3gp,3g2,mj2 @ 00000227c9957580] AVIndex stream 0, sample 231, offset 46aa3, dts 118272, size 429, distance 231, keyframe 0
[mov,mp4,m4a,3gp,3g2,mj2 @ 00000227c9957580] AVIndex stream 0, sample 232, offset 46c50, dts 118784, size 222, distance 232, keyframe 0
[mov,mp4,m4a,3gp,3g2,mj2 @ 00000227c9957580] AVIndex stream 0, sample 233, offset 46d2e, dts 119296, size 173, distance 233, keyframe 0
[mov,mp4,m4a,3gp,3g2,mj2 @ 00000227c9957580] AVIndex stream 0, sample 234, offset 46ddb, dts 119808, size 1313, distance 234, keyframe 0
[mov,mp4,m4a,3gp,3g2,mj2 @ 00000227c9957580] AVIndex stream 0, sample 235, offset 472fc, dts 120320, size 516, distance 235, keyframe 0
[mov,mp4,m4a,3gp,3g2,mj2 @ 00000227c9957580] AVIndex stream 0, sample 236, offset 47500, dts 120832, size 222, distance 236, keyframe 0
[mov,mp4,m4a,3gp,3g2,mj2 @ 00000227c9957580] AVIndex stream 0, sample 237, offset 475de, dts 121344, size 306, distance 237, keyframe 0
[mov,mp4,m4a,3gp,3g2,mj2 @ 00000227c9957580] AVIndex stream 0, sample 238, offset 47710, dts 121856, size 694, distance 238, keyframe 0
[mov,mp4,m4a,3gp,3g2,mj2 @ 00000227c9957580] AVIndex stream 0, sample 239, offset 479c6, dts 122368, size 347, distance 239, keyframe 0
[mov,mp4,m4a,3gp,3g2,mj2 @ 00000227c9957580] AVIndex stream 0, sample 240, offset 47b21, dts 122880, size 215, distance 240, keyframe 0
[mov,mp4,m4a,3gp,3g2,mj2 @ 00000227c9957580] Processing st: 0, edit list 0 - media time: 1024, duration: 123396
[mov,mp4,m4a,3gp,3g2,mj2 @ 00000227c9957580] stts: 0 ctts: 1024, tts_index: 0, tts_count: 241
[mov,mp4,m4a,3gp,3g2,mj2 @ 00000227c9957580] stts: 512 ctts: 1536, tts_index: 1, tts_count: 241
[mov,mp4,m4a,3gp,3g2,mj2 @ 00000227c9957580] stts: 1024 ctts: 512, tts_index: 2, tts_count: 241
[mov,mp4,m4a,3gp,3g2,mj2 @ 00000227c9957580] stts: 1536 ctts: 2560, tts_index: 3, tts_count: 241
[mov,mp4,m4a,3gp,3g2,mj2 @ 00000227c9957580] stts: 2048 ctts: 1024, tts_index: 4, tts_count: 241
[mov,mp4,m4a,3gp,3g2,mj2 @ 00000227c9957580] stts: 2560 ctts: 0, tts_index: 5, tts_count: 241
[mov,mp4,m4a,3gp,3g2,mj2 @ 00000227c9957580] stts: 3072 ctts: 512, tts_index: 6, tts_count: 241
[mov,mp4,m4a,3gp,3g2,mj2 @ 00000227c9957580] stts: 3584 ctts: 2560, tts_index: 7, tts_count: 241
[mov,mp4,m4a,3gp,3g2,mj2 @ 00000227c9957580] stts: 4096 ctts: 1024, tts_index: 8, tts_count: 241
[mov,mp4,m4a,3gp,3g2,mj2 @ 00000227c9957580] stts: 4608 ctts: 0, tts_index: 9, tts_count: 241
[mov,mp4,m4a,3gp,3g2,mj2 @ 00000227c9957580] stts: 5120 ctts: 512, tts_index: 10, tts_count: 241
[mov,mp4,m4a,3gp,3g2,mj2 @ 00000227c9957580] stts: 5632 ctts: 2560, tts_index: 11, tts_count: 241
[mov,mp4,m4a,3gp,3g2,mj2 @ 00000227c9957580] stts: 6144 ctts: 1024, tts_index: 12, tts_count: 241
[mov,mp4,m4a,3gp,3g2,mj2 @ 00000227c9957580] stts: 6656 ctts: 0, tts_index: 13, tts_count: 241
[mov,mp4,m4a,3gp,3g2,mj2 @ 00000227c9957580] stts: 7168 ctts: 512, tts_index: 14, tts_count: 241
[mov,mp4,m4a,3gp,3g2,mj2 @ 00000227c9957580] stts: 7680 ctts: 2560, tts_index: 15, tts_count: 241
[mov,mp4,m4a,3gp,3g2,mj2 @ 00000227c9957580] stts: 8192 ctts: 1024, tts_index: 16, tts_count: 241
[mov,mp4,m4a,3gp,3g2,mj2 @ 00000227c9957580] stts: 8704 ctts: 0, tts_index: 17, tts_count: 241
[mov,mp4,m4a,3gp,3g2,mj2 @ 00000227c9957580] stts: 9216 ctts: 512, tts_index: 18, tts_count: 241
[mov,mp4,m4a,3gp,3g2,mj2 @ 00000227c9957580] stts: 9728 ctts: 2560, tts_index: 19, tts_count: 241
[mov,mp4,m4a,3gp,3g2,mj2 @ 00000227c9957580] stts: 10240 ctts: 1024, tts_index: 20, tts_count: 241
[mov,mp4,m4a,3gp,3g2,mj2 @ 00000227c9957580] stts: 10752 ctts: 0, tts_index: 21, tts_count: 241
[mov,mp4,m4a,3gp,3g2,mj2 @ 00000227c9957580] stts: 11264 ctts: 512, tts_index: 22, tts_count: 241
[mov,mp4,m4a,3gp,3g2,mj2 @ 00000227c9957580] stts: 11776 ctts: 2560, tts_index: 23, tts_count: 241
[mov,mp4,m4a,3gp,3g2,mj2 @ 00000227c9957580] stts: 12288 ctts: 1024, tts_index: 24, tts_count: 241
[mov,mp4,m4a,3gp,3g2,mj2 @ 00000227c9957580] stts: 12800 ctts: 0, tts_index: 25, tts_count: 241
[mov,mp4,m4a,3gp,3g2,mj2 @ 00000227c9957580] stts: 13312 ctts: 512, tts_index: 26, tts_count: 241
[mov,mp4,m4a,3gp,3g2,mj2 @ 00000227c9957580] stts: 13824 ctts: 2560, tts_index: 27, tts_count: 241
[mov,mp4,m4a,3gp,3g2,mj2 @ 00000227c9957580] stts: 14336 ctts: 1024, tts_index: 28, tts_count: 241
[mov,mp4,m4a,3gp,3g2,mj2 @ 00000227c9957580] stts: 14848 ctts: 0, tts_index: 29, tts_count: 241
[mov,mp4,m4a,3gp,3g2,mj2 @ 00000227c9957580] stts: 15360 ctts: 512, tts_index: 30, tts_count: 241
[mov,mp4,m4a,3gp,3g2,mj2 @ 00000227c9957580] stts: 15872 ctts: 2560, tts_index: 31, tts_count: 241
[mov,mp4,m4a,3gp,3g2,mj2 @ 00000227c9957580] stts: 16384 ctts: 1024, tts_index: 32, tts_count: 241
[mov,mp4,m4a,3gp,3g2,mj2 @ 00000227c9957580] stts: 16896 ctts: 0, tts_index: 33, tts_count: 241
[mov,mp4,m4a,3gp,3g2,mj2 @ 00000227c9957580] stts: 17408 ctts: 512, tts_index: 34, tts_count: 241
[mov,mp4,m4a,3gp,3g2,mj2 @ 00000227c9957580] stts: 17920 ctts: 2560, tts_index: 35, tts_count: 241
[mov,mp4,m4a,3gp,3g2,mj2 @ 00000227c9957580] stts: 18432 ctts: 1024, tts_index: 36, tts_count: 241
[mov,mp4,m4a,3gp,3g2,mj2 @ 00000227c9957580] stts: 18944 ctts: 0, tts_index: 37, tts_count: 241
[mov,mp4,m4a,3gp,3g2,mj2 @ 00000227c9957580] stts: 19456 ctts: 512, tts_index: 38, tts_count: 241
[mov,mp4,m4a,3gp,3g2,mj2 @ 00000227c9957580] stts: 19968 ctts: 2560, tts_index: 39, tts_count: 241
[mov,mp4,m4a,3gp,3g2,mj2 @ 00000227c9957580] stts: 20480 ctts: 1024, tts_index: 40, tts_count: 241
[mov,mp4,m4a,3gp,3g2,mj2 @ 00000227c9957580] stts: 20992 ctts: 0, tts_index: 41, tts_count: 241
[mov,mp4,m4a,3gp,3g2,mj2 @ 00000227c9957580] stts: 21504 ctts: 512, tts_index: 42, tts_count: 241
[mov,mp4,m4a,3gp,3g2,mj2 @ 00000227c9957580] stts: 22016 ctts: 2560, tts_index: 43, tts_count: 241
[mov,mp4,m4a,3gp,3g2,mj2 @ 00000227c9957580] stts: 22528 ctts: 1024, tts_index: 44, tts_count: 241
[mov,mp4,m4a,3gp,3g2,mj2 @ 00000227c9957580] stts: 23040 ctts: 0, tts_index: 45, tts_count: 241
[mov,mp4,m4a,3gp,3g2,mj2 @ 00000227c9957580] stts: 23552 ctts: 512, tts_index: 46, tts_count: 241
[mov,mp4,m4a,3gp,3g2,mj2 @ 00000227c9957580] stts: 24064 ctts: 2560, tts_index: 47, tts_count: 241
[mov,mp4,m4a,3gp,3g2,mj2 @ 00000227c9957580] stts: 24576 ctts: 1024, tts_index: 48, tts_count: 241
[mov,mp4,m4a,3gp,3g2,mj2 @ 00000227c9957580] stts: 25088 ctts: 0, tts_index: 49, tts_count: 241
[mov,mp4,m4a,3gp,3g2,mj2 @ 00000227c9957580] stts: 25600 ctts: 512, tts_index: 50, tts_count: 241
[mov,mp4,m4a,3gp,3g2,mj2 @ 00000227c9957580] stts: 26112 ctts: 2560, tts_index: 51, tts_count: 241
[mov,mp4,m4a,3gp,3g2,mj2 @ 00000227c9957580] stts: 26624 ctts: 1024, tts_index: 52, tts_count: 241
[mov,mp4,m4a,3gp,3g2,mj2 @ 00000227c9957580] stts: 27136 ctts: 0, tts_index: 53, tts_count: 241
[mov,mp4,m4a,3gp,3g2,mj2 @ 00000227c9957580] stts: 27648 ctts: 512, tts_index: 54, tts_count: 241
[mov,mp4,m4a,3gp,3g2,mj2 @ 00000227c9957580] stts: 28160 ctts: 2560, tts_index: 55, tts_count: 241
[mov,mp4,m4a,3gp,3g2,mj2 @ 00000227c9957580] stts: 28672 ctts: 1024, tts_index: 56, tts_count: 241
[mov,mp4,m4a,3gp,3g2,mj2 @ 00000227c9957580] stts: 29184 ctts: 0, tts_index: 57, tts_count: 241
[mov,mp4,m4a,3gp,3g2,mj2 @ 00000227c9957580] stts: 29696 ctts: 512, tts_index: 58, tts_count: 241
[mov,mp4,m4a,3gp,3g2,mj2 @ 00000227c9957580] stts: 30208 ctts: 2560, tts_index: 59, tts_count: 241
[mov,mp4,m4a,3gp,3g2,mj2 @ 00000227c9957580] stts: 30720 ctts: 1024, tts_index: 60, tts_count: 241
[mov,mp4,m4a,3gp,3g2,mj2 @ 00000227c9957580] stts: 31232 ctts: 0, tts_index: 61, tts_count: 241
[mov,mp4,m4a,3gp,3g2,mj2 @ 00000227c9957580] stts: 31744 ctts: 512, tts_index: 62, tts_count: 241
[mov,mp4,m4a,3gp,3g2,mj2 @ 00000227c9957580] stts: 32256 ctts: 2560, tts_index: 63, tts_count: 241
[mov,mp4,m4a,3gp,3g2,mj2 @ 00000227c9957580] stts: 32768 ctts: 1024, tts_index: 64, tts_count: 241
[mov,mp4,m4a,3gp,3g2,mj2 @ 00000227c9957580] stts: 33280 ctts: 0, tts_index: 65, tts_count: 241
[mov,mp4,m4a,3gp,3g2,mj2 @ 00000227c9957580] stts: 33792 ctts: 512, tts_index: 66, tts_count: 241
[mov,mp4,m4a,3gp,3g2,mj2 @ 00000227c9957580] stts: 34304 ctts: 2560, tts_index: 67, tts_count: 241
[mov,mp4,m4a,3gp,3g2,mj2 @ 00000227c9957580] stts: 34816 ctts: 1024, tts_index: 68, tts_count: 241
[mov,mp4,m4a,3gp,3g2,mj2 @ 00000227c9957580] stts: 35328 ctts: 0, tts_index: 69, tts_count: 241
[mov,mp4,m4a,3gp,3g2,mj2 @ 00000227c9957580] stts: 35840 ctts: 512, tts_index: 70, tts_count: 241
[mov,mp4,m4a,3gp,3g2,mj2 @ 00000227c9957580] stts: 36352 ctts: 2560, tts_index: 71, tts_count: 241
[mov,mp4,m4a,3gp,3g2,mj2 @ 00000227c9957580] stts: 36864 ctts: 1024, tts_index: 72, tts_count: 241
[mov,mp4,m4a,3gp,3g2,mj2 @ 00000227c9957580] stts: 37376 ctts: 0, tts_index: 73, tts_count: 241
[mov,mp4,m4a,3gp,3g2,mj2 @ 00000227c9957580] stts: 37888 ctts: 512, tts_index: 74, tts_count: 241
[mov,mp4,m4a,3gp,3g2,mj2 @ 00000227c9957580] stts: 38400 ctts: 2560, tts_index: 75, tts_count: 241
[mov,mp4,m4a,3gp,3g2,mj2 @ 00000227c9957580] stts: 38912 ctts: 1024, tts_index: 76, tts_count: 241
[mov,mp4,m4a,3gp,3g2,mj2 @ 00000227c9957580] stts: 39424 ctts: 0, tts_index: 77, tts_count: 241
[mov,mp4,m4a,3gp,3g2,mj2 @ 00000227c9957580] stts: 39936 ctts: 512, tts_index: 78, tts_count: 241
[mov,mp4,m4a,3gp,3g2,mj2 @ 00000227c9957580] stts: 40448 ctts: 2560, tts_index: 79, tts_count: 241
[mov,mp4,m4a,3gp,3g2,mj2 @ 00000227c9957580] stts: 40960 ctts: 1024, tts_index: 80, tts_count: 241
[mov,mp4,m4a,3gp,3g2,mj2 @ 00000227c9957580] stts: 41472 ctts: 0, tts_index: 81, tts_count: 241
[mov,mp4,m4a,3gp,3g2,mj2 @ 00000227c9957580] stts: 41984 ctts: 512, tts_index: 82, tts_count: 241
[mov,mp4,m4a,3gp,3g2,mj2 @ 00000227c9957580] stts: 42496 ctts: 2560, tts_index: 83, tts_count: 241
[mov,mp4,m4a,3gp,3g2,mj2 @ 00000227c9957580] stts: 43008 ctts: 1024, tts_index: 84, tts_count: 241
[mov,mp4,m4a,3gp,3g2,mj2 @ 00000227c9957580] stts: 43520 ctts: 0, tts_index: 85, tts_count: 241
[mov,mp4,m4a,3gp,3g2,mj2 @ 00000227c9957580] stts: 44032 ctts: 512, tts_index: 86, tts_count: 241
[mov,mp4,m4a,3gp,3g2,mj2 @ 00000227c9957580] stts: 44544 ctts: 2560, tts_index: 87, tts_count: 241
[mov,mp4,m4a,3gp,3g2,mj2 @ 00000227c9957580] stts: 45056 ctts: 1024, tts_index: 88, tts_count: 241
[mov,mp4,m4a,3gp,3g2,mj2 @ 00000227c9957580] stts: 45568 ctts: 0, tts_index: 89, tts_count: 241
[mov,mp4,m4a,3gp,3g2,mj2 @ 00000227c9957580] stts: 46080 ctts: 512, tts_index: 90, tts_count: 241
[mov,mp4,m4a,3gp,3g2,mj2 @ 00000227c9957580] stts: 46592 ctts: 2560, tts_index: 91, tts_count: 241
[mov,mp4,m4a,3gp,3g2,mj2 @ 00000227c9957580] stts: 47104 ctts: 1024, tts_index: 92, tts_count: 241
[mov,mp4,m4a,3gp,3g2,mj2 @ 00000227c9957580] stts: 47616 ctts: 0, tts_index: 93, tts_count: 241
[mov,mp4,m4a,3gp,3g2,mj2 @ 00000227c9957580] stts: 48128 ctts: 512, tts_index: 94, tts_count: 241
[mov,mp4,m4a,3gp,3g2,mj2 @ 00000227c9957580] stts: 48640 ctts: 2560, tts_index: 95, tts_count: 241
[mov,mp4,m4a,3gp,3g2,mj2 @ 00000227c9957580] stts: 49152 ctts: 1024, tts_index: 96, tts_count: 241
[mov,mp4,m4a,3gp,3g2,mj2 @ 00000227c9957580] stts: 49664 ctts: 0, tts_index: 97, tts_count: 241
[mov,mp4,m4a,3gp,3g2,mj2 @ 00000227c9957580] stts: 50176 ctts: 512, tts_index: 98, tts_count: 241
[mov,mp4,m4a,3gp,3g2,mj2 @ 00000227c9957580] stts: 50688 ctts: 2560, tts_index: 99, tts_count: 241
[mov,mp4,m4a,3gp,3g2,mj2 @ 00000227c9957580] stts: 51200 ctts: 1024, tts_index: 100, tts_count: 241
[mov,mp4,m4a,3gp,3g2,mj2 @ 00000227c9957580] stts: 51712 ctts: 0, tts_index: 101, tts_count: 241
[mov,mp4,m4a,3gp,3g2,mj2 @ 00000227c9957580] stts: 52224 ctts: 512, tts_index: 102, tts_count: 241
[mov,mp4,m4a,3gp,3g2,mj2 @ 00000227c9957580] stts: 52736 ctts: 2560, tts_index: 103, tts_count: 241
[mov,mp4,m4a,3gp,3g2,mj2 @ 00000227c9957580] stts: 53248 ctts: 1024, tts_index: 104, tts_count: 241
[mov,mp4,m4a,3gp,3g2,mj2 @ 00000227c9957580] stts: 53760 ctts: 0, tts_index: 105, tts_count: 241
[mov,mp4,m4a,3gp,3g2,mj2 @ 00000227c9957580] stts: 54272 ctts: 512, tts_index: 106, tts_count: 241
[mov,mp4,m4a,3gp,3g2,mj2 @ 00000227c9957580] stts: 54784 ctts: 2560, tts_index: 107, tts_count: 241
[mov,mp4,m4a,3gp,3g2,mj2 @ 00000227c9957580] stts: 55296 ctts: 1024, tts_index: 108, tts_count: 241
[mov,mp4,m4a,3gp,3g2,mj2 @ 00000227c9957580] stts: 55808 ctts: 0, tts_index: 109, tts_count: 241
[mov,mp4,m4a,3gp,3g2,mj2 @ 00000227c9957580] stts: 56320 ctts: 512, tts_index: 110, tts_count: 241
[mov,mp4,m4a,3gp,3g2,mj2 @ 00000227c9957580] stts: 56832 ctts: 2560, tts_index: 111, tts_count: 241
[mov,mp4,m4a,3gp,3g2,mj2 @ 00000227c9957580] stts: 57344 ctts: 1024, tts_index: 112, tts_count: 241
[mov,mp4,m4a,3gp,3g2,mj2 @ 00000227c9957580] stts: 57856 ctts: 0, tts_index: 113, tts_count: 241
[mov,mp4,m4a,3gp,3g2,mj2 @ 00000227c9957580] stts: 58368 ctts: 512, tts_index: 114, tts_count: 241
[mov,mp4,m4a,3gp,3g2,mj2 @ 00000227c9957580] stts: 58880 ctts: 2560, tts_index: 115, tts_count: 241
[mov,mp4,m4a,3gp,3g2,mj2 @ 00000227c9957580] stts: 59392 ctts: 1024, tts_index: 116, tts_count: 241
[mov,mp4,m4a,3gp,3g2,mj2 @ 00000227c9957580] stts: 59904 ctts: 0, tts_index: 117, tts_count: 241
[mov,mp4,m4a,3gp,3g2,mj2 @ 00000227c9957580] stts: 60416 ctts: 512, tts_index: 118, tts_count: 241
[mov,mp4,m4a,3gp,3g2,mj2 @ 00000227c9957580] stts: 60928 ctts: 2560, tts_index: 119, tts_count: 241
[mov,mp4,m4a,3gp,3g2,mj2 @ 00000227c9957580] stts: 61440 ctts: 1024, tts_index: 120, tts_count: 241
[mov,mp4,m4a,3gp,3g2,mj2 @ 00000227c9957580] stts: 61952 ctts: 0, tts_index: 121, tts_count: 241
[mov,mp4,m4a,3gp,3g2,mj2 @ 00000227c9957580] stts: 62464 ctts: 512, tts_index: 122, tts_count: 241
[mov,mp4,m4a,3gp,3g2,mj2 @ 00000227c9957580] stts: 62976 ctts: 2560, tts_index: 123, tts_count: 241
[mov,mp4,m4a,3gp,3g2,mj2 @ 00000227c9957580] stts: 63488 ctts: 1024, tts_index: 124, tts_count: 241
[mov,mp4,m4a,3gp,3g2,mj2 @ 00000227c9957580] stts: 64000 ctts: 0, tts_index: 125, tts_count: 241
[mov,mp4,m4a,3gp,3g2,mj2 @ 00000227c9957580] stts: 64512 ctts: 512, tts_index: 126, tts_count: 241
[mov,mp4,m4a,3gp,3g2,mj2 @ 00000227c9957580] stts: 65024 ctts: 2560, tts_index: 127, tts_count: 241
[mov,mp4,m4a,3gp,3g2,mj2 @ 00000227c9957580] stts: 65536 ctts: 1024, tts_index: 128, tts_count: 241
[mov,mp4,m4a,3gp,3g2,mj2 @ 00000227c9957580] stts: 66048 ctts: 0, tts_index: 129, tts_count: 241
[mov,mp4,m4a,3gp,3g2,mj2 @ 00000227c9957580] stts: 66560 ctts: 512, tts_index: 130, tts_count: 241
[mov,mp4,m4a,3gp,3g2,mj2 @ 00000227c9957580] stts: 67072 ctts: 2560, tts_index: 131, tts_count: 241
[mov,mp4,m4a,3gp,3g2,mj2 @ 00000227c9957580] stts: 67584 ctts: 1024, tts_index: 132, tts_count: 241
[mov,mp4,m4a,3gp,3g2,mj2 @ 00000227c9957580] stts: 68096 ctts: 0, tts_index: 133, tts_count: 241
[mov,mp4,m4a,3gp,3g2,mj2 @ 00000227c9957580] stts: 68608 ctts: 512, tts_index: 134, tts_count: 241
[mov,mp4,m4a,3gp,3g2,mj2 @ 00000227c9957580] stts: 69120 ctts: 2560, tts_index: 135, tts_count: 241
[mov,mp4,m4a,3gp,3g2,mj2 @ 00000227c9957580] stts: 69632 ctts: 1024, tts_index: 136, tts_count: 241
[mov,mp4,m4a,3gp,3g2,mj2 @ 00000227c9957580] stts: 70144 ctts: 0, tts_index: 137, tts_count: 241
[mov,mp4,m4a,3gp,3g2,mj2 @ 00000227c9957580] stts: 70656 ctts: 512, tts_index: 138, tts_count: 241
[mov,mp4,m4a,3gp,3g2,mj2 @ 00000227c9957580] stts: 71168 ctts: 2560, tts_index: 139, tts_count: 241
[mov,mp4,m4a,3gp,3g2,mj2 @ 00000227c9957580] stts: 71680 ctts: 1024, tts_index: 140, tts_count: 241
[mov,mp4,m4a,3gp,3g2,mj2 @ 00000227c9957580] stts: 72192 ctts: 0, tts_index: 141, tts_count: 241
[mov,mp4,m4a,3gp,3g2,mj2 @ 00000227c9957580] stts: 72704 ctts: 512, tts_index: 142, tts_count: 241
[mov,mp4,m4a,3gp,3g2,mj2 @ 00000227c9957580] stts: 73216 ctts: 2560, tts_index: 143, tts_count: 241
[mov,mp4,m4a,3gp,3g2,mj2 @ 00000227c9957580] stts: 73728 ctts: 1024, tts_index: 144, tts_count: 241
[mov,mp4,m4a,3gp,3g2,mj2 @ 00000227c9957580] stts: 74240 ctts: 0, tts_index: 145, tts_count: 241
[mov,mp4,m4a,3gp,3g2,mj2 @ 00000227c9957580] stts: 74752 ctts: 512, tts_index: 146, tts_count: 241
[mov,mp4,m4a,3gp,3g2,mj2 @ 00000227c9957580] stts: 75264 ctts: 2560, tts_index: 147, tts_count: 241
[mov,mp4,m4a,3gp,3g2,mj2 @ 00000227c9957580] stts: 75776 ctts: 1024, tts_index: 148, tts_count: 241
[mov,mp4,m4a,3gp,3g2,mj2 @ 00000227c9957580] stts: 76288 ctts: 0, tts_index: 149, tts_count: 241
[mov,mp4,m4a,3gp,3g2,mj2 @ 00000227c9957580] stts: 76800 ctts: 512, tts_index: 150, tts_count: 241
[mov,mp4,m4a,3gp,3g2,mj2 @ 00000227c9957580] stts: 77312 ctts: 2560, tts_index: 151, tts_count: 241
[mov,mp4,m4a,3gp,3g2,mj2 @ 00000227c9957580] stts: 77824 ctts: 1024, tts_index: 152, tts_count: 241
[mov,mp4,m4a,3gp,3g2,mj2 @ 00000227c9957580] stts: 78336 ctts: 0, tts_index: 153, tts_count: 241
[mov,mp4,m4a,3gp,3g2,mj2 @ 00000227c9957580] stts: 78848 ctts: 512, tts_index: 154, tts_count: 241
[mov,mp4,m4a,3gp,3g2,mj2 @ 00000227c9957580] stts: 79360 ctts: 2560, tts_index: 155, tts_count: 241
[mov,mp4,m4a,3gp,3g2,mj2 @ 00000227c9957580] stts: 79872 ctts: 1024, tts_index: 156, tts_count: 241
[mov,mp4,m4a,3gp,3g2,mj2 @ 00000227c9957580] stts: 80384 ctts: 0, tts_index: 157, tts_count: 241
[mov,mp4,m4a,3gp,3g2,mj2 @ 00000227c9957580] stts: 80896 ctts: 512, tts_index: 158, tts_count: 241
[mov,mp4,m4a,3gp,3g2,mj2 @ 00000227c9957580] stts: 81408 ctts: 2048, tts_index: 159, tts_count: 241
[mov,mp4,m4a,3gp,3g2,mj2 @ 00000227c9957580] stts: 81920 ctts: 512, tts_index: 160, tts_count: 241
[mov,mp4,m4a,3gp,3g2,mj2 @ 00000227c9957580] stts: 82432 ctts: 512, tts_index: 161, tts_count: 241
[mov,mp4,m4a,3gp,3g2,mj2 @ 00000227c9957580] stts: 82944 ctts: 2560, tts_index: 162, tts_count: 241
[mov,mp4,m4a,3gp,3g2,mj2 @ 00000227c9957580] stts: 83456 ctts: 1024, tts_index: 163, tts_count: 241
[mov,mp4,m4a,3gp,3g2,mj2 @ 00000227c9957580] stts: 83968 ctts: 0, tts_index: 164, tts_count: 241
[mov,mp4,m4a,3gp,3g2,mj2 @ 00000227c9957580] stts: 84480 ctts: 512, tts_index: 165, tts_count: 241
[mov,mp4,m4a,3gp,3g2,mj2 @ 00000227c9957580] stts: 84992 ctts: 2560, tts_index: 166, tts_count: 241
[mov,mp4,m4a,3gp,3g2,mj2 @ 00000227c9957580] stts: 85504 ctts: 1024, tts_index: 167, tts_count: 241
[mov,mp4,m4a,3gp,3g2,mj2 @ 00000227c9957580] stts: 86016 ctts: 0, tts_index: 168, tts_count: 241
[mov,mp4,m4a,3gp,3g2,mj2 @ 00000227c9957580] stts: 86528 ctts: 512, tts_index: 169, tts_count: 241
[mov,mp4,m4a,3gp,3g2,mj2 @ 00000227c9957580] stts: 87040 ctts: 2560, tts_index: 170, tts_count: 241
[mov,mp4,m4a,3gp,3g2,mj2 @ 00000227c9957580] stts: 87552 ctts: 1024, tts_index: 171, tts_count: 241
[mov,mp4,m4a,3gp,3g2,mj2 @ 00000227c9957580] stts: 88064 ctts: 0, tts_index: 172, tts_count: 241
[mov,mp4,m4a,3gp,3g2,mj2 @ 00000227c9957580] stts: 88576 ctts: 512, tts_index: 173, tts_count: 241
[mov,mp4,m4a,3gp,3g2,mj2 @ 00000227c9957580] stts: 89088 ctts: 2560, tts_index: 174, tts_count: 241
[mov,mp4,m4a,3gp,3g2,mj2 @ 00000227c9957580] stts: 89600 ctts: 1024, tts_index: 175, tts_count: 241
[mov,mp4,m4a,3gp,3g2,mj2 @ 00000227c9957580] stts: 90112 ctts: 0, tts_index: 176, tts_count: 241
[mov,mp4,m4a,3gp,3g2,mj2 @ 00000227c9957580] stts: 90624 ctts: 512, tts_index: 177, tts_count: 241
[mov,mp4,m4a,3gp,3g2,mj2 @ 00000227c9957580] stts: 91136 ctts: 2560, tts_index: 178, tts_count: 241
[mov,mp4,m4a,3gp,3g2,mj2 @ 00000227c9957580] stts: 91648 ctts: 1024, tts_index: 179, tts_count: 241
[mov,mp4,m4a,3gp,3g2,mj2 @ 00000227c9957580] stts: 92160 ctts: 0, tts_index: 180, tts_count: 241
[mov,mp4,m4a,3gp,3g2,mj2 @ 00000227c9957580] stts: 92672 ctts: 512, tts_index: 181, tts_count: 241
[mov,mp4,m4a,3gp,3g2,mj2 @ 00000227c9957580] stts: 93184 ctts: 2560, tts_index: 182, tts_count: 241
[mov,mp4,m4a,3gp,3g2,mj2 @ 00000227c9957580] stts: 93696 ctts: 1024, tts_index: 183, tts_count: 241
[mov,mp4,m4a,3gp,3g2,mj2 @ 00000227c9957580] stts: 94208 ctts: 0, tts_index: 184, tts_count: 241
[mov,mp4,m4a,3gp,3g2,mj2 @ 00000227c9957580] stts: 94720 ctts: 512, tts_index: 185, tts_count: 241
[mov,mp4,m4a,3gp,3g2,mj2 @ 00000227c9957580] stts: 95232 ctts: 2560, tts_index: 186, tts_count: 241
[mov,mp4,m4a,3gp,3g2,mj2 @ 00000227c9957580] stts: 95744 ctts: 1024, tts_index: 187, tts_count: 241
[mov,mp4,m4a,3gp,3g2,mj2 @ 00000227c9957580] stts: 96256 ctts: 0, tts_index: 188, tts_count: 241
[mov,mp4,m4a,3gp,3g2,mj2 @ 00000227c9957580] stts: 96768 ctts: 512, tts_index: 189, tts_count: 241
[mov,mp4,m4a,3gp,3g2,mj2 @ 00000227c9957580] stts: 97280 ctts: 2560, tts_index: 190, tts_count: 241
[mov,mp4,m4a,3gp,3g2,mj2 @ 00000227c9957580] stts: 97792 ctts: 1024, tts_index: 191, tts_count: 241
[mov,mp4,m4a,3gp,3g2,mj2 @ 00000227c9957580] stts: 98304 ctts: 0, tts_index: 192, tts_count: 241
[mov,mp4,m4a,3gp,3g2,mj2 @ 00000227c9957580] stts: 98816 ctts: 512, tts_index: 193, tts_count: 241
[mov,mp4,m4a,3gp,3g2,mj2 @ 00000227c9957580] stts: 99328 ctts: 2560, tts_index: 194, tts_count: 241
[mov,mp4,m4a,3gp,3g2,mj2 @ 00000227c9957580] stts: 99840 ctts: 1024, tts_index: 195, tts_count: 241
[mov,mp4,m4a,3gp,3g2,mj2 @ 00000227c9957580] stts: 100352 ctts: 0, tts_index: 196, tts_count: 241
[mov,mp4,m4a,3gp,3g2,mj2 @ 00000227c9957580] stts: 100864 ctts: 512, tts_index: 197, tts_count: 241
[mov,mp4,m4a,3gp,3g2,mj2 @ 00000227c9957580] stts: 101376 ctts: 2560, tts_index: 198, tts_count: 241
[mov,mp4,m4a,3gp,3g2,mj2 @ 00000227c9957580] stts: 101888 ctts: 1024, tts_index: 199, tts_count: 241
[mov,mp4,m4a,3gp,3g2,mj2 @ 00000227c9957580] stts: 102400 ctts: 0, tts_index: 200, tts_count: 241
[mov,mp4,m4a,3gp,3g2,mj2 @ 00000227c9957580] stts: 102912 ctts: 512, tts_index: 201, tts_count: 241
[mov,mp4,m4a,3gp,3g2,mj2 @ 00000227c9957580] stts: 103424 ctts: 2560, tts_index: 202, tts_count: 241
[mov,mp4,m4a,3gp,3g2,mj2 @ 00000227c9957580] stts: 103936 ctts: 1024, tts_index: 203, tts_count: 241
[mov,mp4,m4a,3gp,3g2,mj2 @ 00000227c9957580] stts: 104448 ctts: 0, tts_index: 204, tts_count: 241
[mov,mp4,m4a,3gp,3g2,mj2 @ 00000227c9957580] stts: 104960 ctts: 512, tts_index: 205, tts_count: 241
[mov,mp4,m4a,3gp,3g2,mj2 @ 00000227c9957580] stts: 105472 ctts: 2560, tts_index: 206, tts_count: 241
[mov,mp4,m4a,3gp,3g2,mj2 @ 00000227c9957580] stts: 105984 ctts: 1024, tts_index: 207, tts_count: 241
[mov,mp4,m4a,3gp,3g2,mj2 @ 00000227c9957580] stts: 106496 ctts: 0, tts_index: 208, tts_count: 241
[mov,mp4,m4a,3gp,3g2,mj2 @ 00000227c9957580] stts: 107008 ctts: 512, tts_index: 209, tts_count: 241
[mov,mp4,m4a,3gp,3g2,mj2 @ 00000227c9957580] stts: 107520 ctts: 2560, tts_index: 210, tts_count: 241
[mov,mp4,m4a,3gp,3g2,mj2 @ 00000227c9957580] stts: 108032 ctts: 1024, tts_index: 211, tts_count: 241
[mov,mp4,m4a,3gp,3g2,mj2 @ 00000227c9957580] stts: 108544 ctts: 0, tts_index: 212, tts_count: 241
[mov,mp4,m4a,3gp,3g2,mj2 @ 00000227c9957580] stts: 109056 ctts: 512, tts_index: 213, tts_count: 241
[mov,mp4,m4a,3gp,3g2,mj2 @ 00000227c9957580] stts: 109568 ctts: 2560, tts_index: 214, tts_count: 241
[mov,mp4,m4a,3gp,3g2,mj2 @ 00000227c9957580] stts: 110080 ctts: 1024, tts_index: 215, tts_count: 241
[mov,mp4,m4a,3gp,3g2,mj2 @ 00000227c9957580] stts: 110592 ctts: 0, tts_index: 216, tts_count: 241
[mov,mp4,m4a,3gp,3g2,mj2 @ 00000227c9957580] stts: 111104 ctts: 512, tts_index: 217, tts_count: 241
[mov,mp4,m4a,3gp,3g2,mj2 @ 00000227c9957580] stts: 111616 ctts: 2560, tts_index: 218, tts_count: 241
[mov,mp4,m4a,3gp,3g2,mj2 @ 00000227c9957580] stts: 112128 ctts: 1024, tts_index: 219, tts_count: 241
[mov,mp4,m4a,3gp,3g2,mj2 @ 00000227c9957580] stts: 112640 ctts: 0, tts_index: 220, tts_count: 241
[mov,mp4,m4a,3gp,3g2,mj2 @ 00000227c9957580] stts: 113152 ctts: 512, tts_index: 221, tts_count: 241
[mov,mp4,m4a,3gp,3g2,mj2 @ 00000227c9957580] stts: 113664 ctts: 2560, tts_index: 222, tts_count: 241
[mov,mp4,m4a,3gp,3g2,mj2 @ 00000227c9957580] stts: 114176 ctts: 1024, tts_index: 223, tts_count: 241
[mov,mp4,m4a,3gp,3g2,mj2 @ 00000227c9957580] stts: 114688 ctts: 0, tts_index: 224, tts_count: 241
[mov,mp4,m4a,3gp,3g2,mj2 @ 00000227c9957580] stts: 115200 ctts: 512, tts_index: 225, tts_count: 241
[mov,mp4,m4a,3gp,3g2,mj2 @ 00000227c9957580] stts: 115712 ctts: 2560, tts_index: 226, tts_count: 241
[mov,mp4,m4a,3gp,3g2,mj2 @ 00000227c9957580] stts: 116224 ctts: 1024, tts_index: 227, tts_count: 241
[mov,mp4,m4a,3gp,3g2,mj2 @ 00000227c9957580] stts: 116736 ctts: 0, tts_index: 228, tts_count: 241
[mov,mp4,m4a,3gp,3g2,mj2 @ 00000227c9957580] stts: 117248 ctts: 512, tts_index: 229, tts_count: 241
[mov,mp4,m4a,3gp,3g2,mj2 @ 00000227c9957580] stts: 117760 ctts: 2560, tts_index: 230, tts_count: 241
[mov,mp4,m4a,3gp,3g2,mj2 @ 00000227c9957580] stts: 118272 ctts: 1024, tts_index: 231, tts_count: 241
[mov,mp4,m4a,3gp,3g2,mj2 @ 00000227c9957580] stts: 118784 ctts: 0, tts_index: 232, tts_count: 241
[mov,mp4,m4a,3gp,3g2,mj2 @ 00000227c9957580] stts: 119296 ctts: 512, tts_index: 233, tts_count: 241
[mov,mp4,m4a,3gp,3g2,mj2 @ 00000227c9957580] stts: 119808 ctts: 2560, tts_index: 234, tts_count: 241
[mov,mp4,m4a,3gp,3g2,mj2 @ 00000227c9957580] stts: 120320 ctts: 1024, tts_index: 235, tts_count: 241
[mov,mp4,m4a,3gp,3g2,mj2 @ 00000227c9957580] stts: 120832 ctts: 0, tts_index: 236, tts_count: 241
[mov,mp4,m4a,3gp,3g2,mj2 @ 00000227c9957580] stts: 121344 ctts: 512, tts_index: 237, tts_count: 241
[mov,mp4,m4a,3gp,3g2,mj2 @ 00000227c9957580] stts: 121856 ctts: 2048, tts_index: 238, tts_count: 241
[mov,mp4,m4a,3gp,3g2,mj2 @ 00000227c9957580] stts: 122368 ctts: 512, tts_index: 239, tts_count: 241
[mov,mp4,m4a,3gp,3g2,mj2 @ 00000227c9957580] stts: 122880 ctts: 512, tts_index: 240, tts_count: 241
[mov,mp4,m4a,3gp,3g2,mj2 @ 00000227c9957580] Offset DTS by 1024 to make first pts zero.
[mov,mp4,m4a,3gp,3g2,mj2 @ 00000227c9957580] Setting codecpar->delay to 2 for stream st: 0
[mov,mp4,m4a,3gp,3g2,mj2 @ 00000227c9957580] type:'udta' parent:'moov' sz: 97 3627 3716
[mov,mp4,m4a,3gp,3g2,mj2 @ 00000227c9957580] type:'meta' parent:'udta' sz: 89 8 89
[mov,mp4,m4a,3gp,3g2,mj2 @ 00000227c9957580] type:'hdlr' parent:'meta' sz: 33 8 77
[mov,mp4,m4a,3gp,3g2,mj2 @ 00000227c9957580] ctype=[0][0][0][0]
[mov,mp4,m4a,3gp,3g2,mj2 @ 00000227c9957580] stype=mdir
[mov,mp4,m4a,3gp,3g2,mj2 @ 00000227c9957580] type:'ilst' parent:'meta' sz: 44 41 77
[mov,mp4,m4a,3gp,3g2,mj2 @ 00000227c9957580] type:'[169]too' parent:'ilst' sz: 36 8 36
[mov,mp4,m4a,3gp,3g2,mj2 @ 00000227c9957580] type:'free' parent:'root' sz: 8 3764 293880
[mov,mp4,m4a,3gp,3g2,mj2 @ 00000227c9957580] type:'mdat' parent:'root' sz: 290116 3772 293880
[mov,mp4,m4a,3gp,3g2,mj2 @ 00000227c9957580] on_parse_exit_offset=3772
[mov,mp4,m4a,3gp,3g2,mj2 @ 00000227c9957580] Before avformat_find_stream_info() pos: 3772 bytes read:32768 seeks:0 nb_streams:1
[h264 @ 00000227c99590c0] nal_unit_type: 7(SPS), nal_ref_idc: 3
[h264 @ 00000227c99590c0] Decoding VUI
[h264 @ 00000227c99590c0] nal_unit_type: 8(PPS), nal_ref_idc: 3
[mov,mp4,m4a,3gp,3g2,mj2 @ 00000227c9957580] stream 0, sample 0, dts -83333
[h264 @ 00000227c99590c0] nal_unit_type: 7(SPS), nal_ref_idc: 3
[h264 @ 00000227c99590c0] Decoding VUI
[h264 @ 00000227c99590c0] nal_unit_type: 8(PPS), nal_ref_idc: 3
[h264 @ 00000227c99590c0] nal_unit_type: 6(SEI), nal_ref_idc: 0
[h264 @ 00000227c99590c0] nal_unit_type: 5(IDR), nal_ref_idc: 3
[h264 @ 00000227c99590c0] Format yuv420p chosen by get_format().
[h264 @ 00000227c99590c0] Reinit context to 1280x720, pix_fmt: yuv420p
[h264 @ 00000227c99590c0] no picture 
[mov,mp4,m4a,3gp,3g2,mj2 @ 00000227c9957580] All info found
[mov,mp4,m4a,3gp,3g2,mj2 @ 00000227c9957580] stream 0: start_time: 0 duration: 10.041667
[mov,mp4,m4a,3gp,3g2,mj2 @ 00000227c9957580] format: start_time: 0 duration: 10.041667 (estimate from stream) bitrate=234 kb/s
[mov,mp4,m4a,3gp,3g2,mj2 @ 00000227c9957580] After avformat_find_stream_info() pos: 13131 bytes read:32768 seeks:0 frames:1
Input #0, mov,mp4,m4a,3gp,3g2,mj2, from '1787763917198.mp4':
  Metadata:
    major_brand     : isom
    minor_version   : 512
    compatible_brands: isomiso2avc1mp41
    encoder         : Lavf62.3.100
  Duration: 00:00:10.04, start: 0.000000, bitrate: 234 kb/s
  Stream #0:0[0x1](und), 1, 1/12288: Video: h264 (High), 1 reference frame (avc1 / 0x31637661), yuv420p(tv, bt709, progressive, left), 1280x720 [SAR 1:1 DAR 16:9], 0/1, 231 kb/s, 24 fps, 24 tbr, 12288 tbn (default)
    Metadata:
      handler_name    : VideoHandler
      vendor_id       : [0][0][0][0]
      encoder         : Lavc62.11.100 libx264
Successfully opened the file.
Parsing a group of options: output url -.
Applying option f (force container format (auto-detected otherwise)) with argument null.
Successfully parsed a group of options.
Opening an output file: -.
[out#0/null @ 00000227c9957880] No explicit maps, mapping streams automatically...
[vost#0:0/wrapped_avframe @ 00000227c9ad9d40] Created video stream from input stream 0:0
detected 32 logical cores
[h264 @ 00000227c9c1e980] nal_unit_type: 7(SPS), nal_ref_idc: 3
[h264 @ 00000227c9c1e980] Decoding VUI
[h264 @ 00000227c9c1e980] nal_unit_type: 8(PPS), nal_ref_idc: 3
Successfully opened the file.
Stream mapping:
  Stream #0:0 -> #0:0 (h264 (native) -> wrapped_avframe (native))
[vost#0:0/wrapped_avframe @ 00000227c9ad9d40] Starting thread...
[vf#0:0 @ 00000227c995a140] Starting thread...
[vist#0:0/h264 @ 00000227c99590c0] [dec:h264 @ 00000227c995a600] Starting thread...
[in#0/mov,mp4,m4a,3gp,3g2,mj2 @ 00000227c9957380] Starting thread...
Press [q] to stop, [?] for help
[mov,mp4,m4a,3gp,3g2,mj2 @ 00000227c9957580] stream 0, sample 1, dts -41667
[mov,mp4,m4a,3gp,3g2,mj2 @ 00000227c9957580] stream 0, sample 2, dts 0
[mov,mp4,m4a,3gp,3g2,mj2 @ 00000227c9957580] stream 0, sample 3, dts 41667
[mov,mp4,m4a,3gp,3g2,mj2 @ 00000227c9957580] stream 0, sample 4, dts 83333
[mov,mp4,m4a,3gp,3g2,mj2 @ 00000227c9957580] stream 0, sample 5, dts 125000
[mov,mp4,m4a,3gp,3g2,mj2 @ 00000227c9957580] stream 0, sample 6, dts 166667
[h264 @ 00000227c9c1e980] nal_unit_type: 6(SEI), nal_ref_idc: 0
[mov,mp4,m4a,3gp,3g2,mj2 @ 00000227c9957580] stream 0, sample 7, dts 208333
[h264 @ 00000227c9c1e980] nal_unit_type: 5(IDR), nal_ref_idc: 3
[mov,mp4,m4a,3gp,3g2,mj2 @ 00000227c9957580] stream 0, sample 8, dts 250000
[mov,mp4,m4a,3gp,3g2,mj2 @ 00000227c9957580] stream 0, sample 9, dts 291667
[h264 @ 00000227c9c1e980] Format yuv420p chosen by get_format().
[mov,mp4,m4a,3gp,3g2,mj2 @ 00000227c9957580] stream 0, sample 10, dts 333333
[h264 @ 00000227c9c1e980] Reinit context to 1280x720, pix_fmt: yuv420p
[h264 @ 00000227c9c1e980] no picture 
[mov,mp4,m4a,3gp,3g2,mj2 @ 00000227c9957580] stream 0, sample 11, dts 375000
[h264 @ 00000227c9d02ac0] nal_unit_type: 1(Coded slice of a non-IDR picture), nal_ref_idc: 2
[h264 @ 00000227c9d02ac0] no picture 
[mov,mp4,m4a,3gp,3g2,mj2 @ 00000227c9957580] stream 0, sample 12, dts 416667
[h264 @ 00000227c9b921c0] nal_unit_type: 1(Coded slice of a non-IDR picture), nal_ref_idc: 0
[mov,mp4,m4a,3gp,3g2,mj2 @ 00000227c9957580] stream 0, sample 13, dts 458333
[h264 @ 00000227c9b92880] nal_unit_type: 1(Coded slice of a non-IDR picture), nal_ref_idc: 2
[mov,mp4,m4a,3gp,3g2,mj2 @ 00000227c9957580] stream 0, sample 14, dts 500000
[h264 @ 00000227c9f79700] nal_unit_type: 1(Coded slice of a non-IDR picture), nal_ref_idc: 2
[mov,mp4,m4a,3gp,3g2,mj2 @ 00000227c9957580] stream 0, sample 15, dts 541667
[h264 @ 00000227c9f79dc0] nal_unit_type: 1(Coded slice of a non-IDR picture), nal_ref_idc: 0
[mov,mp4,m4a,3gp,3g2,mj2 @ 00000227c9957580] stream 0, sample 16, dts 583333
[h264 @ 00000227c9f7a840] nal_unit_type: 1(Coded slice of a non-IDR picture), nal_ref_idc: 0
[mov,mp4,m4a,3gp,3g2,mj2 @ 00000227c9957580] stream 0, sample 17, dts 625000
[h264 @ 00000227c9d05140] nal_unit_type: 1(Coded slice of a non-IDR picture), nal_ref_idc: 2
[mov,mp4,m4a,3gp,3g2,mj2 @ 00000227c9957580] stream 0, sample 18, dts 666667
[h264 @ 00000227c9d05800] nal_unit_type: 1(Coded slice of a non-IDR picture), nal_ref_idc: 2
[mov,mp4,m4a,3gp,3g2,mj2 @ 00000227c9957580] stream 0, sample 19, dts 708333
[h264 @ 00000227c9d05e80] nal_unit_type: 1(Coded slice of a non-IDR picture), nal_ref_idc: 0
[mov,mp4,m4a,3gp,3g2,mj2 @ 00000227c9957580] stream 0, sample 20, dts 750000
[h264 @ 00000227c9d06680] nal_unit_type: 1(Coded slice of a non-IDR picture), nal_ref_idc: 0
[mov,mp4,m4a,3gp,3g2,mj2 @ 00000227c9957580] stream 0, sample 21, dts 791667
[h264 @ 00000227c9bbbf40] nal_unit_type: 1(Coded slice of a non-IDR picture), nal_ref_idc: 2
[mov,mp4,m4a,3gp,3g2,mj2 @ 00000227c9957580] stream 0, sample 22, dts 833333
[h264 @ 00000227c9a15540] nal_unit_type: 1(Coded slice of a non-IDR picture), nal_ref_idc: 2
[mov,mp4,m4a,3gp,3g2,mj2 @ 00000227c9957580] stream 0, sample 23, dts 875000
[h264 @ 00000227c9a15900] nal_unit_type: 1(Coded slice of a non-IDR picture), nal_ref_idc: 0
[mov,mp4,m4a,3gp,3g2,mj2 @ 00000227c9957580] stream 0, sample 24, dts 916667
[h264 @ 00000227c9a15180] nal_unit_type: 1(Coded slice of a non-IDR picture), nal_ref_idc: 0
[mov,mp4,m4a,3gp,3g2,mj2 @ 00000227c9957580] stream 0, sample 25, dts 958333
[h264 @ 00000227c9a15cc0] nal_unit_type: 1(Coded slice of a non-IDR picture), nal_ref_idc: 2
[mov,mp4,m4a,3gp,3g2,mj2 @ 00000227c9957580] stream 0, sample 26, dts 1000000
[h264 @ 00000227c9c1e980] nal_unit_type: 1(Coded slice of a non-IDR picture), nal_ref_idc: 2
[h264 @ 00000227c9d02ac0] nal_unit_type: 1(Coded slice of a non-IDR picture), nal_ref_idc: 0
[mov,mp4,m4a,3gp,3g2,mj2 @ 00000227c9957580] stream 0, sample 27, dts 1041667
[h264 @ 00000227c9b921c0] nal_unit_type: 1(Coded slice of a non-IDR picture), nal_ref_idc: 0
[mov,mp4,m4a,3gp,3g2,mj2 @ 00000227c9957580] stream 0, sample 28, dts 1083333
[h264 @ 00000227c9b92880] nal_unit_type: 1(Coded slice of a non-IDR picture), nal_ref_idc: 2
[mov,mp4,m4a,3gp,3g2,mj2 @ 00000227c9957580] stream 0, sample 29, dts 1125000
[graph -1 input from stream 0:0 @ 00000227cd77b180] w:1280 h:720 pixfmt:yuv420p tb:1/12288 fr:24/1 sar:1/1 csp:bt709 range:tv
Filter 'Parsed_null_0' formats:
  in[0] 'default': nal_unit_type: 1(Coded slice of a non-IDR picture), nal_ref_idc: 2
yuv420p yuyv422 rgb24 bgr24 yuv422p yuv444p yuv410p yuv411p gray monow monob pal8 yuvj420p yuvj422p yuvj444p uyvy422 uyyvyy411 bgr8 bgr4 bgr4_byte rgb8 rgb4 rgb4_byte nv12 nv21 argb rgba abgr bgra gray16be gray16le yuv440p yuvj440p yuva420p rgb48be rgb48le rgb565be rgb565le rgb555be rgb555le bgr565be bgr565le bgr555be bgr555le vaapi yuv420p16le yuv420p16be yuv422p16le yuv422p16be yuv444p16le yuv444p16be dxva2_vld rgb444le rgb444be bgr444le bgr444be ya8 bgr48be bgr48le yuv420p9be yuv420p9le yuv420p10be yuv420p10le yuv422p10be yuv422p10le yuv444p9be yuv444p9le yuv444p10be yuv444p10le yuv422p9be yuv422p9le gbrp gbrp9be gbrp9le gbrp10be gbrp10le gbrp16be gbrp16le yuva422p yuva444p yuva420p9be yuva420p9le yuva422p9be yuva422p9le yuva444p9be yuva444p9le yuva420p10be yuva420p10le yuva422p10be yuva422p10le yuva444p10be yuva444p10le yuva420p16be yuva420p16le yuva422p16be yuva422p16le yuva444p16be yuva444p16le vdpau xyz12le xyz12be nv16 nv20le nv20be rgba64be rgba64le bgra64be bgra64le yvyu422 ya16be ya16le gbrap gbra[mov,mp4,m4a,3gp,3g2,mj2 @ 00000227c9957580] stream 0, sample 30, dts 1166667
  out[0] 'default': yuv420p yuyv422 rgb24 bgr24 yuv422p yuv444p yuv410p yuv411p gray monow monob pal8 yuvj420p yuvj422p yuvj444p uyvy422 uyyvyy411 bgr8 bgr4 bgr4_byte rgb8 rgb4 rgb4_byte nv12 nv21 argb rgba abgr bgra gray16be gray16le yuv440p yuvj440p yuva420p rgb48be rgb48le rgb565be rgb565le rgb555be rgb555le bgr565be bgr565le bgr555be bgr555le vaapi yuv420p16le yuv420p16be yuv422p16le yuv422p16be yuv444p16le yuv444p16be dxva2_vld rgb444le rgb444be bgr444le bgr444be ya8 bgr48be bgr48le yuv420p9be yuv420p9le yuv420p10be yuv420p10le yuv422p10be yuv422p10le yuv444p9be yuv444p9le yuv444p10be yuv444p10le yuv422p9be yuv422p9le gbrp gbrp9be gbrp9le gbrp10be gbrp10le gbrp16be gbrp16le yuva422p yuva444p yuva420p9be yuva420p9le yuva422p9be yuva422p9le yuva444p9be yuva444p9le yuva420p10be yuva420p10le yuva422p10be yuva422p10le yuva444p10be yuva444p10le yuva420p16be yuva420p16le yuva422p16be yuva422p16le yuva444p16be yuva444p16le vdpau xyz12le xyz12be nv16 nv20le nv20be rgba64be rgba64le bgra64be bgra64le yvyu422 ya16be ya16le gbrap gbraFilter 'graph -1 input from stream 0:0' formats:
  out[0] 'default': yuv420p
Filter 'out_#0:0' formats:
  in[0] 'default': yuv420p yuyv422 rgb24 bgr24 yuv422p yuv444p yuv410p yuv411p gray monow monob pal8 yuvj420p yuvj422p yuvj444p uyvy422 uyyvyy411 bgr8 bgr4 bgr4_byte rgb8 rgb4 rgb4_byte nv12 nv21 argb rgba abgr bgra gray16be gray16le yuv440p yuvj440p yuva420p rgb48be rgb48le rgb565be rgb565le rgb555be rgb555le bgr565be bgr565le bgr555be bgr555le vaapi yuv420p16le yuv420p16be yuv422p16le yuv422p16be yuv444p16le yuv444p16be dxva2_vld rgb444le rgb444be bgr444le bgr444be ya8 bgr48be bgr48le yuv420p9be yuv420p9le yuv420p10be yuv420p10le yuv422p10be yuv422p10le yuv444p9be yuv444p9le yuv444p10be yuv444p10le yuv422p9be yuv422p9le gbrp gbrp9be gbrp9le gbrp10be gbrp10le gbrp16be gbrp16le yuva422p yuva444p yuva420p9be yuva420p9le yuva422p9be yuva422p9le yuva444p9be yuva444p9le yuva420p10be yuva420p10le yuva422p10be yuva422p10le yuva444p10be yuva444p10le yuva420p16be yuva420p16le yuva422p16be yuva422p16le yuva444p16be yuva444p16le vdpau xyz12le xyz12be nv16 nv20le nv20be rgba64be rgba64le bgra64be bgra64le yvyu422 ya16be ya16le gbrap gbra[AVFilterGraph @ 00000227cab65800] query_formats: 3 queried, 6 merged, 0 already done, 0 delayed
Output #0, null, to 'pipe:':
  Metadata:
    major_brand     : isom
    minor_version   : 512
    compatible_brands: isomiso2avc1mp41
    encoder         : Lavf62.3.100
  Stream #0:0(und), 0, 1/24: Video: wrapped_avframe, 1 reference frame, yuv420p(tv, bt709, progressive, left), 1280x720 [SAR 1:1 DAR 16:9], 0/1, q=2-31, 200 kb/s, 24 fps, 24 tbn (default)
    Metadata:
      encoder         : Lavc62.11.100 wrapped_avframe
      handler_name    : VideoHandler
      vendor_id       : [0][0][0][0]
[out#0/null @ 00000227c9957880] Starting thread...
[mov,mp4,m4a,3gp,3g2,mj2 @ 00000227c9957580] stream 0, sample 31, dts 1208333
[h264 @ 00000227c9f79dc0] nal_unit_type: 1(Coded slice of a non-IDR picture), nal_ref_idc: 0
[h264 @ 00000227c9f7a840] nal_unit_type: 1(Coded slice of a non-IDR picture), nal_ref_idc: 0
[mov,mp4,m4a,3gp,3g2,mj2 @ 00000227c9957580] stream 0, sample 32, dts 1250000
[h264 @ 00000227c9d05140] nal_unit_type: 1(Coded slice of a non-IDR picture), nal_ref_idc: 2
[mov,mp4,m4a,3gp,3g2,mj2 @ 00000227c9957580] stream 0, sample 33, dts 1291667
[mov,mp4,m4a,3gp,3g2,mj2 @ 00000227c9957580] stream 0, sample 34, dts 1333333
[h264 @ 00000227c9d05800] nal_unit_type: 1(Coded slice of a non-IDR picture), nal_ref_idc: 2
[h264 @ 00000227c9d05e80] nal_unit_type: 1(Coded slice of a non-IDR picture), nal_ref_idc: 0
[mov,mp4,m4a,3gp,3g2,mj2 @ 00000227c9957580] stream 0, sample 35, dts 1375000
[mov,mp4,m4a,3gp,3g2,mj2 @ 00000227c9957580] stream 0, sample 36, dts 1416667
[h264 @ 00000227c9d06680] nal_unit_type: 1(Coded slice of a non-IDR picture), nal_ref_idc: 0
[h264 @ 00000227c9bbbf40] nal_unit_type: 1(Coded slice of a non-IDR picture), nal_ref_idc: 2
[mov,mp4,m4a,3gp,3g2,mj2 @ 00000227c9957580] stream 0, sample 37, dts 1458333
[h264 @ 00000227c9a15540] nal_unit_type: 1(Coded slice of a non-IDR picture), nal_ref_idc: 2
[mov,mp4,m4a,3gp,3g2,mj2 @ 00000227c9957580] stream 0, sample 38, dts 1500000
[h264 @ 00000227c9a15900] nal_unit_type: 1(Coded slice of a non-IDR picture), nal_ref_idc: 0
[mov,mp4,m4a,3gp,3g2,mj2 @ 00000227c9957580] stream 0, sample 39, dts 1541667
[mov,mp4,m4a,3gp,3g2,mj2 @ 00000227c9957580] stream 0, sample 40, dts 1583333
[h264 @ 00000227c9a15180] nal_unit_type: 1(Coded slice of a non-IDR picture), nal_ref_idc: 0
[mov,mp4,m4a,3gp,3g2,mj2 @ 00000227c9957580] stream 0, sample 41, dts 1625000
[h264 @ 00000227c9a15cc0] nal_unit_type: 1(Coded slice of a non-IDR picture), nal_ref_idc: 2
[mov,mp4,m4a,3gp,3g2,mj2 @ 00000227c9957580] stream 0, sample 42, dts 1666667
[h264 @ 00000227c9c1e980] nal_unit_type: 1(Coded slice of a non-IDR picture), nal_ref_idc: 2
[mov,mp4,m4a,3gp,3g2,mj2 @ 00000227c9957580] stream 0, sample 43, dts 1708333
[h264 @ 00000227c9d02ac0] nal_unit_type: 1(Coded slice of a non-IDR picture), nal_ref_idc: 0
[h264 @ 00000227c9b921c0] nal_unit_type: 1(Coded slice of a non-IDR picture), nal_ref_idc: 0
[h264 @ 00000227c9b92880] nal_unit_type: 1(Coded slice of a non-IDR picture), nal_ref_idc: 2
[mov,mp4,m4a,3gp,3g2,mj2 @ 00000227c9957580] stream 0, sample 44, dts 1750000
[mov,mp4,m4a,3gp,3g2,mj2 @ 00000227c9957580] stream 0, sample 45, dts 1791667
[mov,mp4,m4a,3gp,3g2,mj2 @ 00000227c9957580] stream 0, sample 46, dts 1833333
[h264 @ 00000227c9f79700] nal_unit_type: 1(Coded slice of a non-IDR picture), nal_ref_idc: 2
[h264 @ 00000227c9f79dc0] nal_unit_type: 1(Coded slice of a non-IDR picture), nal_ref_idc: 0
[mov,mp4,m4a,3gp,3g2,mj2 @ 00000227c9957580] stream 0, sample 47, dts 1875000
[h264 @ 00000227c9f7a840] nal_unit_type: 1(Coded slice of a non-IDR picture), nal_ref_idc: 0
[mov,mp4,m4a,3gp,3g2,mj2 @ 00000227c9957580] stream 0, sample 48, dts 1916667
[mov,mp4,m4a,3gp,3g2,mj2 @ 00000227c9957580] stream 0, sample 49, dts 1958333
[h264 @ 00000227c9d05140] nal_unit_type: 1(Coded slice of a non-IDR picture), nal_ref_idc: 2
[mov,mp4,m4a,3gp,3g2,mj2 @ 00000227c9957580] stream 0, sample 50, dts 2000000
[h264 @ 00000227c9d05800] nal_unit_type: 1(Coded slice of a non-IDR picture), nal_ref_idc: 2
[mov,mp4,m4a,3gp,3g2,mj2 @ 00000227c9957580] stream 0, sample 51, dts 2041667
[h264 @ 00000227c9d05e80] nal_unit_type: 1(Coded slice of a non-IDR picture), nal_ref_idc: 0
[h264 @ 00000227c9d06680] nal_unit_type: 1(Coded slice of a non-IDR picture), nal_ref_idc: 0
[mov,mp4,m4a,3gp,3g2,mj2 @ 00000227c9957580] stream 0, sample 52, dts 2083333
[mov,mp4,m4a,3gp,3g2,mj2 @ 00000227c9957580] stream 0, sample 53, dts 2125000
[h264 @ 00000227c9bbbf40] nal_unit_type: 1(Coded slice of a non-IDR picture), nal_ref_idc: 2
[h264 @ 00000227c9a15540] nal_unit_type: 1(Coded slice of a non-IDR picture), nal_ref_idc: 2
[mov,mp4,m4a,3gp,3g2,mj2 @ 00000227c9957580] stream 0, sample 54, dts 2166667
[mov,mp4,m4a,3gp,3g2,mj2 @ 00000227c9957580] stream 0, sample 55, dts 2208333
[h264 @ 00000227c9a15900] nal_unit_type: 1(Coded slice of a non-IDR picture), nal_ref_idc: 0
[mov,mp4,m4a,3gp,3g2,mj2 @ 00000227c9957580] stream 0, sample 56, dts 2250000
[h264 @ 00000227c9a15180] nal_unit_type: 1(Coded slice of a non-IDR picture), nal_ref_idc: 0
[mov,mp4,m4a,3gp,3g2,mj2 @ 00000227c9957580] stream 0, sample 57, dts 2291667
[h264 @ 00000227c9a15cc0] nal_unit_type: 1(Coded slice of a non-IDR picture), nal_ref_idc: 2
[h264 @ 00000227c9c1e980] nal_unit_type: 1(Coded slice of a non-IDR picture), nal_ref_idc: 2
[mov,mp4,m4a,3gp,3g2,mj2 @ 00000227c9957580] stream 0, sample 58, dts 2333333
[h264 @ 00000227c9d02ac0] nal_unit_type: 1(Coded slice of a non-IDR picture), nal_ref_idc: 0
[mov,mp4,m4a,3gp,3g2,mj2 @ 00000227c9957580] stream 0, sample 59, dts 2375000
[h264 @ 00000227c9b921c0] nal_unit_type: 1(Coded slice of a non-IDR picture), nal_ref_idc: 0
[mov,mp4,m4a,3gp,3g2,mj2 @ 00000227c9957580] stream 0, sample 60, dts 2416667
[h264 @ 00000227c9b92880] nal_unit_type: 1(Coded slice of a non-IDR picture), nal_ref_idc: 2
[mov,mp4,m4a,3gp,3g2,mj2 @ 00000227c9957580] stream 0, sample 61, dts 2458333
[h264 @ 00000227c9f79700] nal_unit_type: 1(Coded slice of a non-IDR picture), nal_ref_idc: 2
[mov,mp4,m4a,3gp,3g2,mj2 @ 00000227c9957580] stream 0, sample 62, dts 2500000
[h264 @ 00000227c9f79dc0] nal_unit_type: 1(Coded slice of a non-IDR picture), nal_ref_idc: 0
[mov,mp4,m4a,3gp,3g2,mj2 @ 00000227c9957580] stream 0, sample 63, dts 2541667
[mov,mp4,m4a,3gp,3g2,mj2 @ 00000227c9957580] stream 0, sample 64, dts 2583333
[h264 @ 00000227c9f7a840] nal_unit_type: 1(Coded slice of a non-IDR picture), nal_ref_idc: 0
[mov,mp4,m4a,3gp,3g2,mj2 @ 00000227c9957580] stream 0, sample 65, dts 2625000
[h264 @ 00000227c9d05140] nal_unit_type: 1(Coded slice of a non-IDR picture), nal_ref_idc: 2
[mov,mp4,m4a,3gp,3g2,mj2 @ 00000227c9957580] stream 0, sample 66, dts 2666667
[h264 @ 00000227c9d05800] nal_unit_type: 1(Coded slice of a non-IDR picture), nal_ref_idc: 2
[h264 @ 00000227c9d05e80] nal_unit_type: 1(Coded slice of a non-IDR picture), nal_ref_idc: 0
[mov,mp4,m4a,3gp,3g2,mj2 @ 00000227c9957580] stream 0, sample 67, dts 2708333
[h264 @ 00000227c9d06680] nal_unit_type: 1(Coded slice of a non-IDR picture), nal_ref_idc: 0
[mov,mp4,m4a,3gp,3g2,mj2 @ 00000227c9957580] stream 0, sample 68, dts 2750000
[h264 @ 00000227c9bbbf40] nal_unit_type: 1(Coded slice of a non-IDR picture), nal_ref_idc: 2
[mov,mp4,m4a,3gp,3g2,mj2 @ 00000227c9957580] stream 0, sample 69, dts 2791667
[h264 @ 00000227c9a15540] nal_unit_type: 1(Coded slice of a non-IDR picture), nal_ref_idc: 2
[mov,mp4,m4a,3gp,3g2,mj2 @ 00000227c9957580] stream 0, sample 70, dts 2833333
[h264 @ 00000227c9a15900] nal_unit_type: 1(Coded slice of a non-IDR picture), nal_ref_idc: 0
[mov,mp4,m4a,3gp,3g2,mj2 @ 00000227c9957580] stream 0, sample 71, dts 2875000
[mov,mp4,m4a,3gp,3g2,mj2 @ 00000227c9957580] stream 0, sample 72, dts 2916667
[h264 @ 00000227c9a15180] nal_unit_type: 1(Coded slice of a non-IDR picture), nal_ref_idc: 0
[h264 @ 00000227c9a15cc0] nal_unit_type: 1(Coded slice of a non-IDR picture), nal_ref_idc: 2
[mov,mp4,m4a,3gp,3g2,mj2 @ 00000227c9957580] stream 0, sample 73, dts 2958333
[h264 @ 00000227c9c1e980] nal_unit_type: 1(Coded slice of a non-IDR picture), nal_ref_idc: 2
[mov,mp4,m4a,3gp,3g2,mj2 @ 00000227c9957580] stream 0, sample 74, dts 3000000
[mov,mp4,m4a,3gp,3g2,mj2 @ 00000227c9957580] stream 0, sample 75, dts 3041667
[h264 @ 00000227c9d02ac0] nal_unit_type: 1(Coded slice of a non-IDR picture), nal_ref_idc: 0
[h264 @ 00000227c9b921c0] nal_unit_type: 1(Coded slice of a non-IDR picture), nal_ref_idc: 0
[mov,mp4,m4a,3gp,3g2,mj2 @ 00000227c9957580] stream 0, sample 76, dts 3083333
[h264 @ 00000227c9b92880] nal_unit_type: 1(Coded slice of a non-IDR picture), nal_ref_idc: 2
[mov,mp4,m4a,3gp,3g2,mj2 @ 00000227c9957580] stream 0, sample 77, dts 3125000
[mov,mp4,m4a,3gp,3g2,mj2 @ 00000227c9957580] stream 0, sample 78, dts 3166667
[h264 @ 00000227c9f79700] nal_unit_type: 1(Coded slice of a non-IDR picture), nal_ref_idc: 2
[h264 @ 00000227c9f79dc0] nal_unit_type: 1(Coded slice of a non-IDR picture), nal_ref_idc: 0
[mov,mp4,m4a,3gp,3g2,mj2 @ 00000227c9957580] stream 0, sample 79, dts 3208333
[h264 @ 00000227c9f7a840] nal_unit_type: 1(Coded slice of a non-IDR picture), nal_ref_idc: 0
[mov,mp4,m4a,3gp,3g2,mj2 @ 00000227c9957580] stream 0, sample 80, dts 3250000
[h264 @ 00000227c9d05140] nal_unit_type: 1(Coded slice of a non-IDR picture), nal_ref_idc: 2
[mov,mp4,m4a,3gp,3g2,mj2 @ 00000227c9957580] stream 0, sample 81, dts 3291667
[h264 @ 00000227c9d05800] nal_unit_type: 1(Coded slice of a non-IDR picture), nal_ref_idc: 2
[mov,mp4,m4a,3gp,3g2,mj2 @ 00000227c9957580] stream 0, sample 82, dts 3333333
[h264 @ 00000227c9d05e80] nal_unit_type: 1(Coded slice of a non-IDR picture), nal_ref_idc: 0
[mov,mp4,m4a,3gp,3g2,mj2 @ 00000227c9957580] stream 0, sample 83, dts 3375000
[h264 @ 00000227c9d06680] nal_unit_type: 1(Coded slice of a non-IDR picture), nal_ref_idc: 0
[mov,mp4,m4a,3gp,3g2,mj2 @ 00000227c9957580] stream 0, sample 84, dts 3416667
[h264 @ 00000227c9bbbf40] nal_unit_type: 1(Coded slice of a non-IDR picture), nal_ref_idc: 2
[mov,mp4,m4a,3gp,3g2,mj2 @ 00000227c9957580] stream 0, sample 85, dts 3458333
[mov,mp4,m4a,3gp,3g2,mj2 @ 00000227c9957580] stream 0, sample 86, dts 3500000
[h264 @ 00000227c9a15540] nal_unit_type: 1(Coded slice of a non-IDR picture), nal_ref_idc: 2
[h264 @ 00000227c9a15900] nal_unit_type: 1(Coded slice of a non-IDR picture), nal_ref_idc: 0
[mov,mp4,m4a,3gp,3g2,mj2 @ 00000227c9957580] stream 0, sample 87, dts 3541667
[h264 @ 00000227c9a15180] nal_unit_type: 1(Coded slice of a non-IDR picture), nal_ref_idc: 0
[mov,mp4,m4a,3gp,3g2,mj2 @ 00000227c9957580] stream 0, sample 88, dts 3583333
[h264 @ 00000227c9a15cc0] nal_unit_type: 1(Coded slice of a non-IDR picture), nal_ref_idc: 2
[h264 @ 00000227c9c1e980] nal_unit_type: 1(Coded slice of a non-IDR picture), nal_ref_idc: 2
[mov,mp4,m4a,3gp,3g2,mj2 @ 00000227c9957580] stream 0, sample 89, dts 3625000
[mov,mp4,m4a,3gp,3g2,mj2 @ 00000227c9957580] stream 0, sample 90, dts 3666667
[h264 @ 00000227c9d02ac0] nal_unit_type: 1(Coded slice of a non-IDR picture), nal_ref_idc: 0
[mov,mp4,m4a,3gp,3g2,mj2 @ 00000227c9957580] stream 0, sample 91, dts 3708333
[h264 @ 00000227c9b921c0] nal_unit_type: 1(Coded slice of a non-IDR picture), nal_ref_idc: 0
[h264 @ 00000227c9b92880] nal_unit_type: 1(Coded slice of a non-IDR picture), nal_ref_idc: 2
[mov,mp4,m4a,3gp,3g2,mj2 @ 00000227c9957580] stream 0, sample 92, dts 3750000
[mov,mp4,m4a,3gp,3g2,mj2 @ 00000227c9957580] stream 0, sample 93, dts 3791667
[h264 @ 00000227c9f79700] nal_unit_type: 1(Coded slice of a non-IDR picture), nal_ref_idc: 2
[mov,mp4,m4a,3gp,3g2,mj2 @ 00000227c9957580] stream 0, sample 94, dts 3833333
[mov,mp4,m4a,3gp,3g2,mj2 @ 00000227c9957580] stream 0, sample 95, dts 3875000
[h264 @ 00000227c9f79dc0] nal_unit_type: 1(Coded slice of a non-IDR picture), nal_ref_idc: 0
[mov,mp4,m4a,3gp,3g2,mj2 @ 00000227c9957580] stream 0, sample 96, dts 3916667
[h264 @ 00000227c9f7a840] nal_unit_type: 1(Coded slice of a non-IDR picture), nal_ref_idc: 0
[h264 @ 00000227c9d05140] nal_unit_type: 1(Coded slice of a non-IDR picture), nal_ref_idc: 2
[mov,mp4,m4a,3gp,3g2,mj2 @ 00000227c9957580] stream 0, sample 97, dts 3958333
[h264 @ 00000227c9d05800] nal_unit_type: 1(Coded slice of a non-IDR picture), nal_ref_idc: 2
[mov,mp4,m4a,3gp,3g2,mj2 @ 00000227c9957580] stream 0, sample 98, dts 4000000
[h264 @ 00000227c9d05e80] nal_unit_type: 1(Coded slice of a non-IDR picture), nal_ref_idc: 0
[mov,mp4,m4a,3gp,3g2,mj2 @ 00000227c9957580] stream 0, sample 99, dts 4041667
[h264 @ 00000227c9d06680] nal_unit_type: 1(Coded slice of a non-IDR picture), nal_ref_idc: 0
[mov,mp4,m4a,3gp,3g2,mj2 @ 00000227c9957580] stream 0, sample 100, dts 4083333
[h264 @ 00000227c9bbbf40] nal_unit_type: 1(Coded slice of a non-IDR picture), nal_ref_idc: 2
[mov,mp4,m4a,3gp,3g2,mj2 @ 00000227c9957580] stream 0, sample 101, dts 4125000
[h264 @ 00000227c9a15540] nal_unit_type: 1(Coded slice of a non-IDR picture), nal_ref_idc: 2
[mov,mp4,m4a,3gp,3g2,mj2 @ 00000227c9957580] stream 0, sample 102, dts 4166667
[h264 @ 00000227c9a15900] nal_unit_type: 1(Coded slice of a non-IDR picture), nal_ref_idc: 0
[mov,mp4,m4a,3gp,3g2,mj2 @ 00000227c9957580] stream 0, sample 103, dts 4208333
[h264 @ 00000227c9a15180] nal_unit_type: 1(Coded slice of a non-IDR picture), nal_ref_idc: 0
[mov,mp4,m4a,3gp,3g2,mj2 @ 00000227c9957580] stream 0, sample 104, dts 4250000
[h264 @ 00000227c9a15cc0] nal_unit_type: 1(Coded slice of a non-IDR picture), nal_ref_idc: 2
[mov,mp4,m4a,3gp,3g2,mj2 @ 00000227c9957580] stream 0, sample 105, dts 4291667
[h264 @ 00000227c9c1e980] nal_unit_type: 1(Coded slice of a non-IDR picture), nal_ref_idc: 2
[mov,mp4,m4a,3gp,3g2,mj2 @ 00000227c9957580] stream 0, sample 106, dts 4333333
[h264 @ 00000227c9d02ac0] nal_unit_type: 1(Coded slice of a non-IDR picture), nal_ref_idc: 0
[mov,mp4,m4a,3gp,3g2,mj2 @ 00000227c9957580] stream 0, sample 107, dts 4375000
[h264 @ 00000227c9b921c0] nal_unit_type: 1(Coded slice of a non-IDR picture), nal_ref_idc: 0
[mov,mp4,m4a,3gp,3g2,mj2 @ 00000227c9957580] stream 0, sample 108, dts 4416667
[h264 @ 00000227c9b92880] nal_unit_type: 1(Coded slice of a non-IDR picture), nal_ref_idc: 2
[mov,mp4,m4a,3gp,3g2,mj2 @ 00000227c9957580] stream 0, sample 109, dts 4458333
[h264 @ 00000227c9f79700] nal_unit_type: 1(Coded slice of a non-IDR picture), nal_ref_idc: 2
[mov,mp4,m4a,3gp,3g2,mj2 @ 00000227c9957580] stream 0, sample 110, dts 4500000
[h264 @ 00000227c9f79dc0] nal_unit_type: 1(Coded slice of a non-IDR picture), nal_ref_idc: 0
[h264 @ 00000227c9f7a840] nal_unit_type: 1(Coded slice of a non-IDR picture), nal_ref_idc: 0
[mov,mp4,m4a,3gp,3g2,mj2 @ 00000227c9957580] stream 0, sample 111, dts 4541667
[mov,mp4,m4a,3gp,3g2,mj2 @ 00000227c9957580] stream 0, sample 112, dts 4583333
[h264 @ 00000227c9d05140] nal_unit_type: 1(Coded slice of a non-IDR picture), nal_ref_idc: 2
[mov,mp4,m4a,3gp,3g2,mj2 @ 00000227c9957580] stream 0, sample 113, dts 4625000
[h264 @ 00000227c9d05800] nal_unit_type: 1(Coded slice of a non-IDR picture), nal_ref_idc: 2
[mov,mp4,m4a,3gp,3g2,mj2 @ 00000227c9957580] stream 0, sample 114, dts 4666667
[mov,mp4,m4a,3gp,3g2,mj2 @ 00000227c9957580] stream 0, sample 115, dts 4708333
[h264 @ 00000227c9d05e80] nal_unit_type: 1(Coded slice of a non-IDR picture), nal_ref_idc: 0
[h264 @ 00000227c9d06680] nal_unit_type: 1(Coded slice of a non-IDR picture), nal_ref_idc: 0
[mov,mp4,m4a,3gp,3g2,mj2 @ 00000227c9957580] stream 0, sample 116, dts 4750000
[h264 @ 00000227c9bbbf40] nal_unit_type: 1(Coded slice of a non-IDR picture), nal_ref_idc: 2
[mov,mp4,m4a,3gp,3g2,mj2 @ 00000227c9957580] stream 0, sample 117, dts 4791667
[h264 @ 00000227c9a15540] nal_unit_type: 1(Coded slice of a non-IDR picture), nal_ref_idc: 2
[mov,mp4,m4a,3gp,3g2,mj2 @ 00000227c9957580] stream 0, sample 118, dts 4833333
[h264 @ 00000227c9a15900] nal_unit_type: 1(Coded slice of a non-IDR picture), nal_ref_idc: 0
[mov,mp4,m4a,3gp,3g2,mj2 @ 00000227c9957580] stream 0, sample 119, dts 4875000
[h264 @ 00000227c9a15180] nal_unit_type: 1(Coded slice of a non-IDR picture), nal_ref_idc: 0
[mov,mp4,m4a,3gp,3g2,mj2 @ 00000227c9957580] stream 0, sample 120, dts 4916667
[h264 @ 00000227c9a15cc0] nal_unit_type: 1(Coded slice of a non-IDR picture), nal_ref_idc: 2
[mov,mp4,m4a,3gp,3g2,mj2 @ 00000227c9957580] stream 0, sample 121, dts 4958333
[h264 @ 00000227c9c1e980] nal_unit_type: 1(Coded slice of a non-IDR picture), nal_ref_idc: 2
[mov,mp4,m4a,3gp,3g2,mj2 @ 00000227c9957580] stream 0, sample 122, dts 5000000
[mov,mp4,m4a,3gp,3g2,mj2 @ 00000227c9957580] stream 0, sample 123, dts 5041667
[h264 @ 00000227c9d02ac0] nal_unit_type: 1(Coded slice of a non-IDR picture), nal_ref_idc: 0
[h264 @ 00000227c9b921c0] nal_unit_type: 1(Coded slice of a non-IDR picture), nal_ref_idc: 0
[mov,mp4,m4a,3gp,3g2,mj2 @ 00000227c9957580] stream 0, sample 124, dts 5083333
[mov,mp4,m4a,3gp,3g2,mj2 @ 00000227c9957580] stream 0, sample 125, dts 5125000
[h264 @ 00000227c9b92880] nal_unit_type: 1(Coded slice of a non-IDR picture), nal_ref_idc: 2
[h264 @ 00000227c9f79700] nal_unit_type: 1(Coded slice of a non-IDR picture), nal_ref_idc: 2
[mov,mp4,m4a,3gp,3g2,mj2 @ 00000227c9957580] stream 0, sample 126, dts 5166667
[h264 @ 00000227c9f79dc0] nal_unit_type: 1(Coded slice of a non-IDR picture), nal_ref_idc: 0
[mov,mp4,m4a,3gp,3g2,mj2 @ 00000227c9957580] stream 0, sample 127, dts 5208333
[h264 @ 00000227c9f7a840] nal_unit_type: 1(Coded slice of a non-IDR picture), nal_ref_idc: 0
[mov,mp4,m4a,3gp,3g2,mj2 @ 00000227c9957580] stream 0, sample 128, dts 5250000
[h264 @ 00000227c9d05140] nal_unit_type: 1(Coded slice of a non-IDR picture), nal_ref_idc: 2
[mov,mp4,m4a,3gp,3g2,mj2 @ 00000227c9957580] stream 0, sample 129, dts 5291667
[h264 @ 00000227c9d05800] nal_unit_type: 1(Coded slice of a non-IDR picture), nal_ref_idc: 2
[mov,mp4,m4a,3gp,3g2,mj2 @ 00000227c9957580] stream 0, sample 130, dts 5333333
[h264 @ 00000227c9d05e80] nal_unit_type: 1(Coded slice of a non-IDR picture), nal_ref_idc: 0
[mov,mp4,m4a,3gp,3g2,mj2 @ 00000227c9957580] stream 0, sample 131, dts 5375000
[h264 @ 00000227c9d06680] nal_unit_type: 1(Coded slice of a non-IDR picture), nal_ref_idc: 0
[mov,mp4,m4a,3gp,3g2,mj2 @ 00000227c9957580] stream 0, sample 132, dts 5416667
[h264 @ 00000227c9bbbf40] nal_unit_type: 1(Coded slice of a non-IDR picture), nal_ref_idc: 2
[mov,mp4,m4a,3gp,3g2,mj2 @ 00000227c9957580] stream 0, sample 133, dts 5458333
[h264 @ 00000227c9a15540] nal_unit_type: 1(Coded slice of a non-IDR picture), nal_ref_idc: 2
[mov,mp4,m4a,3gp,3g2,mj2 @ 00000227c9957580] stream 0, sample 134, dts 5500000
[h264 @ 00000227c9a15900] nal_unit_type: 1(Coded slice of a non-IDR picture), nal_ref_idc: 0
[mov,mp4,m4a,3gp,3g2,mj2 @ 00000227c9957580] stream 0, sample 135, dts 5541667
[h264 @ 00000227c9a15180] nal_unit_type: 1(Coded slice of a non-IDR picture), nal_ref_idc: 0
[mov,mp4,m4a,3gp,3g2,mj2 @ 00000227c9957580] stream 0, sample 136, dts 5583333
[h264 @ 00000227c9a15cc0] nal_unit_type: 1(Coded slice of a non-IDR picture), nal_ref_idc: 2
[mov,mp4,m4a,3gp,3g2,mj2 @ 00000227c9957580] stream 0, sample 137, dts 5625000
[h264 @ 00000227c9c1e980] nal_unit_type: 1(Coded slice of a non-IDR picture), nal_ref_idc: 2
[mov,mp4,m4a,3gp,3g2,mj2 @ 00000227c9957580] stream 0, sample 138, dts 5666667
[h264 @ 00000227c9d02ac0] nal_unit_type: 1(Coded slice of a non-IDR picture), nal_ref_idc: 0
[mov,mp4,m4a,3gp,3g2,mj2 @ 00000227c9957580] stream 0, sample 139, dts 5708333
[h264 @ 00000227c9b921c0] nal_unit_type: 1(Coded slice of a non-IDR picture), nal_ref_idc: 0
[h264 @ 00000227c9b92880] nal_unit_type: 1(Coded slice of a non-IDR picture), nal_ref_idc: 2
[mov,mp4,m4a,3gp,3g2,mj2 @ 00000227c9957580] stream 0, sample 140, dts 5750000
[mov,mp4,m4a,3gp,3g2,mj2 @ 00000227c9957580] stream 0, sample 141, dts 5791667
[h264 @ 00000227c9f79700] nal_unit_type: 1(Coded slice of a non-IDR picture), nal_ref_idc: 2
[h264 @ 00000227c9f79dc0] nal_unit_type: 1(Coded slice of a non-IDR picture), nal_ref_idc: 0
[mov,mp4,m4a,3gp,3g2,mj2 @ 00000227c9957580] stream 0, sample 142, dts 5833333
[mov,mp4,m4a,3gp,3g2,mj2 @ 00000227c9957580] stream 0, sample 143, dts 5875000
[h264 @ 00000227c9f7a840] nal_unit_type: 1(Coded slice of a non-IDR picture), nal_ref_idc: 0
[mov,mp4,m4a,3gp,3g2,mj2 @ 00000227c9957580] stream 0, sample 144, dts 5916667
[h264 @ 00000227c9d05140] nal_unit_type: 1(Coded slice of a non-IDR picture), nal_ref_idc: 2
[mov,mp4,m4a,3gp,3g2,mj2 @ 00000227c9957580] stream 0, sample 145, dts 5958333
[h264 @ 00000227c9d05800] nal_unit_type: 1(Coded slice of a non-IDR picture), nal_ref_idc: 2
[mov,mp4,m4a,3gp,3g2,mj2 @ 00000227c9957580] stream 0, sample 146, dts 6000000
[h264 @ 00000227c9d05e80] nal_unit_type: 1(Coded slice of a non-IDR picture), nal_ref_idc: 0
[mov,mp4,m4a,3gp,3g2,mj2 @ 00000227c9957580] stream 0, sample 147, dts 6041667
[h264 @ 00000227c9d06680] nal_unit_type: 1(Coded slice of a non-IDR picture), nal_ref_idc: 0
[mov,mp4,m4a,3gp,3g2,mj2 @ 00000227c9957580] stream 0, sample 148, dts 6083333
[h264 @ 00000227c9bbbf40] nal_unit_type: 1(Coded slice of a non-IDR picture), nal_ref_idc: 2
[mov,mp4,m4a,3gp,3g2,mj2 @ 00000227c9957580] stream 0, sample 149, dts 6125000
[h264 @ 00000227c9a15540] nal_unit_type: 1(Coded slice of a non-IDR picture), nal_ref_idc: 2
[mov,mp4,m4a,3gp,3g2,mj2 @ 00000227c9957580] stream 0, sample 150, dts 6166667
[h264 @ 00000227c9a15900] nal_unit_type: 1(Coded slice of a non-IDR picture), nal_ref_idc: 0
[mov,mp4,m4a,3gp,3g2,mj2 @ 00000227c9957580] stream 0, sample 151, dts 6208333
[h264 @ 00000227c9a15180] nal_unit_type: 1(Coded slice of a non-IDR picture), nal_ref_idc: 0
[mov,mp4,m4a,3gp,3g2,mj2 @ 00000227c9957580] stream 0, sample 152, dts 6250000
[h264 @ 00000227c9a15cc0] nal_unit_type: 1(Coded slice of a non-IDR picture), nal_ref_idc: 2
[mov,mp4,m4a,3gp,3g2,mj2 @ 00000227c9957580] stream 0, sample 153, dts 6291667
[h264 @ 00000227c9c1e980] nal_unit_type: 1(Coded slice of a non-IDR picture), nal_ref_idc: 2
[mov,mp4,m4a,3gp,3g2,mj2 @ 00000227c9957580] stream 0, sample 154, dts 6333333
[h264 @ 00000227c9d02ac0] nal_unit_type: 1(Coded slice of a non-IDR picture), nal_ref_idc: 0
[mov,mp4,m4a,3gp,3g2,mj2 @ 00000227c9957580] stream 0, sample 155, dts 6375000
[h264 @ 00000227c9b921c0] nal_unit_type: 1(Coded slice of a non-IDR picture), nal_ref_idc: 0
[mov,mp4,m4a,3gp,3g2,mj2 @ 00000227c9957580] stream 0, sample 156, dts 6416667
[h264 @ 00000227c9b92880] nal_unit_type: 1(Coded slice of a non-IDR picture), nal_ref_idc: 2
[mov,mp4,m4a,3gp,3g2,mj2 @ 00000227c9957580] stream 0, sample 157, dts 6458333
[h264 @ 00000227c9f79700] nal_unit_type: 1(Coded slice of a non-IDR picture), nal_ref_idc: 2
[mov,mp4,m4a,3gp,3g2,mj2 @ 00000227c9957580] stream 0, sample 158, dts 6500000
[h264 @ 00000227c9f79dc0] nal_unit_type: 1(Coded slice of a non-IDR picture), nal_ref_idc: 0
[mov,mp4,m4a,3gp,3g2,mj2 @ 00000227c9957580] stream 0, sample 159, dts 6541667
[h264 @ 00000227c9f7a840] nal_unit_type: 1(Coded slice of a non-IDR picture), nal_ref_idc: 0
[mov,mp4,m4a,3gp,3g2,mj2 @ 00000227c9957580] stream 0, sample 160, dts 6583333
[h264 @ 00000227c9d05140] nal_unit_type: 1(Coded slice of a non-IDR picture), nal_ref_idc: 2
[h264 @ 00000227c9d05800] nal_unit_type: 1(Coded slice of a non-IDR picture), nal_ref_idc: 2
[mov,mp4,m4a,3gp,3g2,mj2 @ 00000227c9957580] stream 0, sample 161, dts 6625000
[mov,mp4,m4a,3gp,3g2,mj2 @ 00000227c9957580] stream 0, sample 162, dts 6666667
[h264 @ 00000227c9d05e80] nal_unit_type: 1(Coded slice of a non-IDR picture), nal_ref_idc: 0
[mov,mp4,m4a,3gp,3g2,mj2 @ 00000227c9957580] stream 0, sample 163, dts 6708333
[h264 @ 00000227c9d06680] nal_unit_type: 1(Coded slice of a non-IDR picture), nal_ref_idc: 0
[mov,mp4,m4a,3gp,3g2,mj2 @ 00000227c9957580] stream 0, sample 164, dts 6750000
[h264 @ 00000227c9bbbf40] nal_unit_type: 1(Coded slice of a non-IDR picture), nal_ref_idc: 2
[mov,mp4,m4a,3gp,3g2,mj2 @ 00000227c9957580] stream 0, sample 165, dts 6791667
[mov,mp4,m4a,3gp,3g2,mj2 @ 00000227c9957580] stream 0, sample 166, dts 6833333
[h264 @ 00000227c9a15540] nal_unit_type: 1(Coded slice of a non-IDR picture), nal_ref_idc: 2
[mov,mp4,m4a,3gp,3g2,mj2 @ 00000227c9957580] stream 0, sample 167, dts 6875000
[h264 @ 00000227c9a15900] nal_unit_type: 1(Coded slice of a non-IDR picture), nal_ref_idc: 0
[h264 @ 00000227c9a15180] nal_unit_type: 1(Coded slice of a non-IDR picture), nal_ref_idc: 0
[mov,mp4,m4a,3gp,3g2,mj2 @ 00000227c9957580] stream 0, sample 168, dts 6916667
[h264 @ 00000227c9a15cc0] nal_unit_type: 1(Coded slice of a non-IDR picture), nal_ref_idc: 2
[mov,mp4,m4a,3gp,3g2,mj2 @ 00000227c9957580] stream 0, sample 169, dts 6958333
[h264 @ 00000227c9c1e980] nal_unit_type: 1(Coded slice of a non-IDR picture), nal_ref_idc: 2
[mov,mp4,m4a,3gp,3g2,mj2 @ 00000227c9957580] stream 0, sample 170, dts 7000000
[mov,mp4,m4a,3gp,3g2,mj2 @ 00000227c9957580] stream 0, sample 171, dts 7041667
[h264 @ 00000227c9d02ac0] nal_unit_type: 1(Coded slice of a non-IDR picture), nal_ref_idc: 0
[h264 @ 00000227c9b921c0] nal_unit_type: 1(Coded slice of a non-IDR picture), nal_ref_idc: 2
[mov,mp4,m4a,3gp,3g2,mj2 @ 00000227c9957580] stream 0, sample 172, dts 7083333
[mov,mp4,m4a,3gp,3g2,mj2 @ 00000227c9957580] stream 0, sample 173, dts 7125000
[h264 @ 00000227c9b92880] nal_unit_type: 1(Coded slice of a non-IDR picture), nal_ref_idc: 2
[mov,mp4,m4a,3gp,3g2,mj2 @ 00000227c9957580] stream 0, sample 174, dts 7166667
[h264 @ 00000227c9f79700] nal_unit_type: 1(Coded slice of a non-IDR picture), nal_ref_idc: 0
[mov,mp4,m4a,3gp,3g2,mj2 @ 00000227c9957580] stream 0, sample 175, dts 7208333
[h264 @ 00000227c9f79dc0] nal_unit_type: 1(Coded slice of a non-IDR picture), nal_ref_idc: 0
[h264 @ 00000227c9f7a840] nal_unit_type: 1(Coded slice of a non-IDR picture), nal_ref_idc: 2
[mov,mp4,m4a,3gp,3g2,mj2 @ 00000227c9957580] stream 0, sample 176, dts 7250000
[mov,mp4,m4a,3gp,3g2,mj2 @ 00000227c9957580] stream 0, sample 177, dts 7291667
[h264 @ 00000227c9d05140] nal_unit_type: 1(Coded slice of a non-IDR picture), nal_ref_idc: 2
[h264 @ 00000227c9d05800] nal_unit_type: 1(Coded slice of a non-IDR picture), nal_ref_idc: 0
[mov,mp4,m4a,3gp,3g2,mj2 @ 00000227c9957580] stream 0, sample 178, dts 7333333
[h264 @ 00000227c9d05e80] nal_unit_type: 1(Coded slice of a non-IDR picture), nal_ref_idc: 0
[mov,mp4,m4a,3gp,3g2,mj2 @ 00000227c9957580] stream 0, sample 179, dts 7375000
[h264 @ 00000227c9d06680] nal_unit_type: 1(Coded slice of a non-IDR picture), nal_ref_idc: 2
[mov,mp4,m4a,3gp,3g2,mj2 @ 00000227c9957580] stream 0, sample 180, dts 7416667
[mov,mp4,m4a,3gp,3g2,mj2 @ 00000227c9957580] stream 0, sample 181, dts 7458333
[h264 @ 00000227c9bbbf40] nal_unit_type: 1(Coded slice of a non-IDR picture), nal_ref_idc: 2
[h264 @ 00000227c9a15540] nal_unit_type: 1(Coded slice of a non-IDR picture), nal_ref_idc: 0
[mov,mp4,m4a,3gp,3g2,mj2 @ 00000227c9957580] stream 0, sample 182, dts 7500000
[h264 @ 00000227c9a15900] nal_unit_type: 1(Coded slice of a non-IDR picture), nal_ref_idc: 0
[mov,mp4,m4a,3gp,3g2,mj2 @ 00000227c9957580] stream 0, sample 183, dts 7541667
[h264 @ 00000227c9a15180] nal_unit_type: 1(Coded slice of a non-IDR picture), nal_ref_idc: 2
[mov,mp4,m4a,3gp,3g2,mj2 @ 00000227c9957580] stream 0, sample 184, dts 7583333
[h264 @ 00000227c9a15cc0] nal_unit_type: 1(Coded slice of a non-IDR picture), nal_ref_idc: 2
[mov,mp4,m4a,3gp,3g2,mj2 @ 00000227c9957580] stream 0, sample 185, dts 7625000
[h264 @ 00000227c9c1e980] nal_unit_type: 1(Coded slice of a non-IDR picture), nal_ref_idc: 0
[mov,mp4,m4a,3gp,3g2,mj2 @ 00000227c9957580] stream 0, sample 186, dts 7666667
[mov,mp4,m4a,3gp,3g2,mj2 @ 00000227c9957580] stream 0, sample 187, dts 7708333
[h264 @ 00000227c9d02ac0] nal_unit_type: 1(Coded slice of a non-IDR picture), nal_ref_idc: 0
[h264 @ 00000227c9b921c0] nal_unit_type: 1(Coded slice of a non-IDR picture), nal_ref_idc: 2
[mov,mp4,m4a,3gp,3g2,mj2 @ 00000227c9957580] stream 0, sample 188, dts 7750000
[h264 @ 00000227c9b92880] nal_unit_type: 1(Coded slice of a non-IDR picture), nal_ref_idc: 2
[mov,mp4,m4a,3gp,3g2,mj2 @ 00000227c9957580] stream 0, sample 189, dts 7791667
[h264 @ 00000227c9f79700] nal_unit_type: 1(Coded slice of a non-IDR picture), nal_ref_idc: 0
[mov,mp4,m4a,3gp,3g2,mj2 @ 00000227c9957580] stream 0, sample 190, dts 7833333
[mov,mp4,m4a,3gp,3g2,mj2 @ 00000227c9957580] stream 0, sample 191, dts 7875000
[h264 @ 00000227c9f79dc0] nal_unit_type: 1(Coded slice of a non-IDR picture), nal_ref_idc: 0
[mov,mp4,m4a,3gp,3g2,mj2 @ 00000227c9957580] stream 0, sample 192, dts 7916667
[h264 @ 00000227c9f7a840] nal_unit_type: 1(Coded slice of a non-IDR picture), nal_ref_idc: 2
[h264 @ 00000227c9d05140] nal_unit_type: 1(Coded slice of a non-IDR picture), nal_ref_idc: 2
[mov,mp4,m4a,3gp,3g2,mj2 @ 00000227c9957580] stream 0, sample 193, dts 7958333
[mov,mp4,m4a,3gp,3g2,mj2 @ 00000227c9957580] stream 0, sample 194, dts 8000000
[h264 @ 00000227c9d05800] nal_unit_type: 1(Coded slice of a non-IDR picture), nal_ref_idc: 0
[mov,mp4,m4a,3gp,3g2,mj2 @ 00000227c9957580] stream 0, sample 195, dts 8041667
[h264 @ 00000227c9d05e80] nal_unit_type: 1(Coded slice of a non-IDR picture), nal_ref_idc: 0
[h264 @ 00000227c9d06680] nal_unit_type: 1(Coded slice of a non-IDR picture), nal_ref_idc: 2
[mov,mp4,m4a,3gp,3g2,mj2 @ 00000227c9957580] stream 0, sample 196, dts 8083333
[h264 @ 00000227c9bbbf40] nal_unit_type: 1(Coded slice of a non-IDR picture), nal_ref_idc: 2
[mov,mp4,m4a,3gp,3g2,mj2 @ 00000227c9957580] stream 0, sample 197, dts 8125000
[h264 @ 00000227c9a15540] nal_unit_type: 1(Coded slice of a non-IDR picture), nal_ref_idc: 0
[mov,mp4,m4a,3gp,3g2,mj2 @ 00000227c9957580] stream 0, sample 198, dts 8166667
[h264 @ 00000227c9a15900] nal_unit_type: 1(Coded slice of a non-IDR picture), nal_ref_idc: 0
[mov,mp4,m4a,3gp,3g2,mj2 @ 00000227c9957580] stream 0, sample 199, dts 8208333
[mov,mp4,m4a,3gp,3g2,mj2 @ 00000227c9957580] stream 0, sample 200, dts 8250000
[h264 @ 00000227c9a15180] nal_unit_type: 1(Coded slice of a non-IDR picture), nal_ref_idc: 2
[h264 @ 00000227c9a15cc0] nal_unit_type: 1(Coded slice of a non-IDR picture), nal_ref_idc: 2
[mov,mp4,m4a,3gp,3g2,mj2 @ 00000227c9957580] stream 0, sample 201, dts 8291667
[h264 @ 00000227c9c1e980] nal_unit_type: 1(Coded slice of a non-IDR picture), nal_ref_idc: 0
[mov,mp4,m4a,3gp,3g2,mj2 @ 00000227c9957580] stream 0, sample 202, dts 8333333
[h264 @ 00000227c9d02ac0] nal_unit_type: 1(Coded slice of a non-IDR picture), nal_ref_idc: 0
[mov,mp4,m4a,3gp,3g2,mj2 @ 00000227c9957580] stream 0, sample 203, dts 8375000
[mov,mp4,m4a,3gp,3g2,mj2 @ 00000227c9957580] stream 0, sample 204, dts 8416667
[h264 @ 00000227c9b921c0] nal_unit_type: 1(Coded slice of a non-IDR picture), nal_ref_idc: 2
[mov,mp4,m4a,3gp,3g2,mj2 @ 00000227c9957580] stream 0, sample 205, dts 8458333
[h264 @ 00000227c9b92880] nal_unit_type: 1(Coded slice of a non-IDR picture), nal_ref_idc: 2
[h264 @ 00000227c9f79700] nal_unit_type: 1(Coded slice of a non-IDR picture), nal_ref_idc: 0
[mov,mp4,m4a,3gp,3g2,mj2 @ 00000227c9957580] stream 0, sample 206, dts 8500000
[h264 @ 00000227c9f79dc0] nal_unit_type: 1(Coded slice of a non-IDR picture), nal_ref_idc: 0
[mov,mp4,m4a,3gp,3g2,mj2 @ 00000227c9957580] stream 0, sample 207, dts 8541667
[h264 @ 00000227c9f7a840] nal_unit_type: 1(Coded slice of a non-IDR picture), nal_ref_idc: 2
[mov,mp4,m4a,3gp,3g2,mj2 @ 00000227c9957580] stream 0, sample 208, dts 8583333
[mov,mp4,m4a,3gp,3g2,mj2 @ 00000227c9957580] stream 0, sample 209, dts 8625000
[h264 @ 00000227c9d05140] nal_unit_type: 1(Coded slice of a non-IDR picture), nal_ref_idc: 2
[h264 @ 00000227c9d05800] nal_unit_type: 1(Coded slice of a non-IDR picture), nal_ref_idc: 0
[mov,mp4,m4a,3gp,3g2,mj2 @ 00000227c9957580] stream 0, sample 210, dts 8666667
[mov,mp4,m4a,3gp,3g2,mj2 @ 00000227c9957580] stream 0, sample 211, dts 8708333
[h264 @ 00000227c9d05e80] nal_unit_type: 1(Coded slice of a non-IDR picture), nal_ref_idc: 0
[mov,mp4,m4a,3gp,3g2,mj2 @ 00000227c9957580] stream 0, sample 212, dts 8750000
[h264 @ 00000227c9d06680] nal_unit_type: 1(Coded slice of a non-IDR picture), nal_ref_idc: 2
[mov,mp4,m4a,3gp,3g2,mj2 @ 00000227c9957580] stream 0, sample 213, dts 8791667
[h264 @ 00000227c9bbbf40] nal_unit_type: 1(Coded slice of a non-IDR picture), nal_ref_idc: 2
[h264 @ 00000227c9a15540] nal_unit_type: 1(Coded slice of a non-IDR picture), nal_ref_idc: 0
[mov,mp4,m4a,3gp,3g2,mj2 @ 00000227c9957580] stream 0, sample 214, dts 8833333
[h264 @ 00000227c9a15900] nal_unit_type: 1(Coded slice of a non-IDR picture), nal_ref_idc: 0
[mov,mp4,m4a,3gp,3g2,mj2 @ 00000227c9957580] stream 0, sample 215, dts 8875000
[h264 @ 00000227c9a15180] nal_unit_type: 1(Coded slice of a non-IDR picture), nal_ref_idc: 2
[mov,mp4,m4a,3gp,3g2,mj2 @ 00000227c9957580] stream 0, sample 216, dts 8916667
[mov,mp4,m4a,3gp,3g2,mj2 @ 00000227c9957580] stream 0, sample 217, dts 8958333
[h264 @ 00000227c9a15cc0] nal_unit_type: 1(Coded slice of a non-IDR picture), nal_ref_idc: 2
[h264 @ 00000227c9c1e980] nal_unit_type: 1(Coded slice of a non-IDR picture), nal_ref_idc: 0
[mov,mp4,m4a,3gp,3g2,mj2 @ 00000227c9957580] stream 0, sample 218, dts 9000000
[mov,mp4,m4a,3gp,3g2,mj2 @ 00000227c9957580] stream 0, sample 219, dts 9041667
[h264 @ 00000227c9d02ac0] nal_unit_type: 1(Coded slice of a non-IDR picture), nal_ref_idc: 0
[h264 @ 00000227c9b921c0] nal_unit_type: 1(Coded slice of a non-IDR picture), nal_ref_idc: 2
[mov,mp4,m4a,3gp,3g2,mj2 @ 00000227c9957580] stream 0, sample 220, dts 9083333
[h264 @ 00000227c9b92880] nal_unit_type: 1(Coded slice of a non-IDR picture), nal_ref_idc: 2
[mov,mp4,m4a,3gp,3g2,mj2 @ 00000227c9957580] stream 0, sample 221, dts 9125000
[h264 @ 00000227c9f79700] nal_unit_type: 1(Coded slice of a non-IDR picture), nal_ref_idc: 0
[mov,mp4,m4a,3gp,3g2,mj2 @ 00000227c9957580] stream 0, sample 222, dts 9166667
[h264 @ 00000227c9f79dc0] nal_unit_type: 1(Coded slice of a non-IDR picture), nal_ref_idc: 0
[mov,mp4,m4a,3gp,3g2,mj2 @ 00000227c9957580] stream 0, sample 223, dts 9208333
[h264 @ 00000227c9f7a840] nal_unit_type: 1(Coded slice of a non-IDR picture), nal_ref_idc: 2
[mov,mp4,m4a,3gp,3g2,mj2 @ 00000227c9957580] stream 0, sample 224, dts 9250000
[h264 @ 00000227c9d05140] nal_unit_type: 1(Coded slice of a non-IDR picture), nal_ref_idc: 2
[mov,mp4,m4a,3gp,3g2,mj2 @ 00000227c9957580] stream 0, sample 225, dts 9291667
[h264 @ 00000227c9d05800] nal_unit_type: 1(Coded slice of a non-IDR picture), nal_ref_idc: 0
[mov,mp4,m4a,3gp,3g2,mj2 @ 00000227c9957580] stream 0, sample 226, dts 9333333
[h264 @ 00000227c9d05e80] nal_unit_type: 1(Coded slice of a non-IDR picture), nal_ref_idc: 0
[mov,mp4,m4a,3gp,3g2,mj2 @ 00000227c9957580] stream 0, sample 227, dts 9375000
[h264 @ 00000227c9d06680] nal_unit_type: 1(Coded slice of a non-IDR picture), nal_ref_idc: 2
[mov,mp4,m4a,3gp,3g2,mj2 @ 00000227c9957580] stream 0, sample 228, dts 9416667
[h264 @ 00000227c9bbbf40] nal_unit_type: 1(Coded slice of a non-IDR picture), nal_ref_idc: 2
[mov,mp4,m4a,3gp,3g2,mj2 @ 00000227c9957580] stream 0, sample 229, dts 9458333
[h264 @ 00000227c9a15540] nal_unit_type: 1(Coded slice of a non-IDR picture), nal_ref_idc: 0
[mov,mp4,m4a,3gp,3g2,mj2 @ 00000227c9957580] stream 0, sample 230, dts 9500000
[h264 @ 00000227c9a15900] nal_unit_type: 1(Coded slice of a non-IDR picture), nal_ref_idc: 0
[mov,mp4,m4a,3gp,3g2,mj2 @ 00000227c9957580] stream 0, sample 231, dts 9541667
[h264 @ 00000227c9a15180] nal_unit_type: 1(Coded slice of a non-IDR picture), nal_ref_idc: 2
[mov,mp4,m4a,3gp,3g2,mj2 @ 00000227c9957580] stream 0, sample 232, dts 9583333
[h264 @ 00000227c9a15cc0] nal_unit_type: 1(Coded slice of a non-IDR picture), nal_ref_idc: 2
[mov,mp4,m4a,3gp,3g2,mj2 @ 00000227c9957580] stream 0, sample 233, dts 9625000
[mov,mp4,m4a,3gp,3g2,mj2 @ 00000227c9957580] stream 0, sample 234, dts 9666667
[h264 @ 00000227c9c1e980] nal_unit_type: 1(Coded slice of a non-IDR picture), nal_ref_idc: 0
[h264 @ 00000227c9d02ac0] nal_unit_type: 1(Coded slice of a non-IDR picture), nal_ref_idc: 0
[mov,mp4,m4a,3gp,3g2,mj2 @ 00000227c9957580] stream 0, sample 235, dts 9708333
[h264 @ 00000227c9b921c0] nal_unit_type: 1(Coded slice of a non-IDR picture), nal_ref_idc: 2
[mov,mp4,m4a,3gp,3g2,mj2 @ 00000227c9957580] stream 0, sample 236, dts 9750000
[mov,mp4,m4a,3gp,3g2,mj2 @ 00000227c9957580] stream 0, sample 237, dts 9791667
[h264 @ 00000227c9b92880] nal_unit_type: 1(Coded slice of a non-IDR picture), nal_ref_idc: 2
[mov,mp4,m4a,3gp,3g2,mj2 @ 00000227c9957580] stream 0, sample 238, dts 9833333
[h264 @ 00000227c9f79700] nal_unit_type: 1(Coded slice of a non-IDR picture), nal_ref_idc: 0
[mov,mp4,m4a,3gp,3g2,mj2 @ 00000227c9957580] stream 0, sample 239, dts 9875000
[h264 @ 00000227c9f79dc0] nal_unit_type: 1(Coded slice of a non-IDR picture), nal_ref_idc: 0
[h264 @ 00000227c9f7a840] nal_unit_type: 1(Coded slice of a non-IDR picture), nal_ref_idc: 2
[mov,mp4,m4a,3gp,3g2,mj2 @ 00000227c9957580] stream 0, sample 240, dts 9916667
[h264 @ 00000227c9d05140] nal_unit_type: 1(Coded slice of a non-IDR picture), nal_ref_idc: 2
[in#0/mov,mp4,m4a,3gp,3g2,mj2 @ 00000227c9957380] EOF while reading input
[in#0/mov,mp4,m4a,3gp,3g2,mj2 @ 00000227c9957380] Terminating thread with return code 0 (success)
[h264 @ 00000227c9d05800] nal_unit_type: 1(Coded slice of a non-IDR picture), nal_ref_idc: 0
[h264 @ 00000227c9d05e80] nal_unit_type: 1(Coded slice of a non-IDR picture), nal_ref_idc: 0
[h264 @ 00000227c9d06680] nal_unit_type: 1(Coded slice of a non-IDR picture), nal_ref_idc: 2
[h264 @ 00000227c9bbbf40] nal_unit_type: 1(Coded slice of a non-IDR picture), nal_ref_idc: 2
[h264 @ 00000227c9a15540] nal_unit_type: 1(Coded slice of a non-IDR picture), nal_ref_idc: 0
[h264 @ 00000227c9a15900] nal_unit_type: 1(Coded slice of a non-IDR picture), nal_ref_idc: 0
[h264 @ 00000227c9a15180] nal_unit_type: 1(Coded slice of a non-IDR picture), nal_ref_idc: 2
[h264 @ 00000227c9a15cc0] nal_unit_type: 1(Coded slice of a non-IDR picture), nal_ref_idc: 2
[vist#0:0/h264 @ 00000227c99590c0] [dec:h264 @ 00000227c995a600] Decoder thread received EOF packet
[h264 @ 00000227c9c1e980] nal_unit_type: 1(Coded slice of a non-IDR picture), nal_ref_idc: 0
[vist#0:0/h264 @ 00000227c99590c0] [dec:h264 @ 00000227c995a600] Decoder returned EOF, finishing
[vist#0:0/h264 @ 00000227c99590c0] [dec:h264 @ 00000227c995a600] Terminating thread with return code 0 (success)
[out_#0:0 @ 00000227cd77af40] EOF on sink link out_#0:0:default.
[vost#0:0/wrapped_avframe @ 00000227c9ad9d40] [enc:wrapped_avframe @ 00000227c993dd80] Encoder thread received EOF
[vost#0:0/wrapped_avframe @ 00000227c9ad9d40] Terminating thread with return code 0 (success)
[vf#0:0 @ 00000227c995a140] Filtergraph returned EOF, finishing
[out#0/null @ 00000227c9957880] All streams finished
[vf#0:0 @ 00000227c995a140] All consumers returned EOF
[out#0/null @ 00000227c9957880] Terminating thread with return code 0 (success)
[vf#0:0 @ 00000227c995a140] Terminating thread with return code 0 (success)
[out#0/null @ 00000227c9957880] Output file #0 (pipe:):
[out#0/null @ 00000227c9957880]   Output stream #0:0 (video): 241 frames encoded; 241 packets muxed (100256 bytes); 
[out#0/null @ 00000227c9957880]   Total: 241 packets (100256 bytes) muxed
[out#0/null @ 00000227c9957880] video:98KiB audio:0KiB subtitle:0KiB other streams:0KiB global headers:0KiB muxing overhead: unknown
frame=  241 fps=0.0 q=-0.0 Lsize=N/A time=00:00:10.04 bitrate=N/A speed= 225x elapsed=0:00:00.04    
[in#0/mov,mp4,m4a,3gp,3g2,mj2 @ 00000227c9957380] Input file #0 (1787763917198.mp4):
[in#0/mov,mp4,m4a,3gp,3g2,mj2 @ 00000227c9957380]   Input stream #0:0 (video): 241 packets read (290108 bytes); 241 frames decoded; 0 decode errors; 
[in#0/mov,mp4,m4a,3gp,3g2,mj2 @ 00000227c9957380]   Total: 241 packets (290108 bytes) demuxed
[AVIOContext @ 00000227c9957bc0] Statistics: 293880 bytes read, 0 seeks

Exiting with exit code 0
