ffmpeg started on 2026-08-31 at 23:11:35
Report written to "ffmpeg-20260831-231135.log"
Log level: 56
Command line:
"C:\\ffmpeg\\bin\\ffmpeg.exe" -v trace -i 1787755363947.mp4 -f null -
ffmpeg version 8.0-essentials_build-www.gyan.dev Copyright (c) 2000-2025 the FFmpeg developers
  built with gcc 15.2.0 (Rev8, Built by MSYS2 project)
  configuration: --enable-gpl --enable-version3 --enable-static --disable-w32threads --disable-autodetect --enable-fontconfig --enable-iconv --enable-gnutls --enable-libxml2 --enable-gmp --enable-bzlib --enable-lzma --enable-zlib --enable-libsrt --enable-libssh --enable-libzmq --enable-avisynth --enable-sdl2 --enable-libwebp --enable-libx264 --enable-libx265 --enable-libxvid --enable-libaom --enable-libopenjpeg --enable-libvpx --enable-mediafoundation --enable-libass --enable-libfreetype --enable-libfribidi --enable-libharfbuzz --enable-libvidstab --enable-libvmaf --enable-libzimg --enable-amf --enable-cuda-llvm --enable-cuvid --enable-dxva2 --enable-d3d11va --enable-d3d12va --enable-ffnvcodec --enable-libvpl --enable-nvdec --enable-nvenc --enable-vaapi --enable-openal --enable-libgme --enable-libopenmpt --enable-libopencore-amrwb --enable-libmp3lame --enable-libtheora --enable-libvo-amrwbenc --enable-libgsm --enable-libopencore-amrnb --enable-libopus --enable-libspeex --enable-libvorbis --enable-librubberba  libavutil      60.  8.100 / 60.  8.100
  libavcodec     62. 11.100 / 62. 11.100
  libavformat    62.  3.100 / 62.  3.100
  libavdevice    62.  1.100 / 62.  1.100
  libavfilter    11.  4.100 / 11.  4.100
  libswscale      9.  1.100 /  9.  1.100
  libswresample   6.  1.100 /  6.  1.100
Splitting the commandline.
Reading option '-v' ... matched as option 'v' (set logging level) with argument 'trace'.
Reading option '-i' ... matched as input url with argument '1787755363947.mp4'.
Reading option '-f' ... matched as option 'f' (force container format (auto-detected otherwise)) with argument 'null'.
Reading option '-' ... matched as output url.
Finished splitting the commandline.
Parsing a group of options: global .
Applying option v (set logging level) with argument trace.
Successfully parsed a group of options.
Parsing a group of options: input url 1787755363947.mp4.
Successfully parsed a group of options.
Opening an input file: 1787755363947.mp4.
[AVFormatContext @ 000002a0e6097580] Opening '1787755363947.mp4' for reading
[file @ 000002a0e6097a80] Setting default whitelist 'file,crypto,data'
Probing mov,mp4,m4a,3gp,3g2,mj2 score:100 size:2048
[mov,mp4,m4a,3gp,3g2,mj2 @ 000002a0e6097580] Format mov,mp4,m4a,3gp,3g2,mj2 probed with size=2048 and score=100
[mov,mp4,m4a,3gp,3g2,mj2 @ 000002a0e6097580] type:'ftyp' parent:'root' sz: 32 8 1332415
[mov,mp4,m4a,3gp,3g2,mj2 @ 000002a0e6097580] ISO: File Type Major Brand: isom
[mov,mp4,m4a,3gp,3g2,mj2 @ 000002a0e6097580] type:'moov' parent:'root' sz: 3780 40 1332415
[mov,mp4,m4a,3gp,3g2,mj2 @ 000002a0e6097580] type:'mvhd' parent:'moov' sz: 108 8 3772
[mov,mp4,m4a,3gp,3g2,mj2 @ 000002a0e6097580] time scale = 1000
[mov,mp4,m4a,3gp,3g2,mj2 @ 000002a0e6097580] type:'trak' parent:'moov' sz: 3507 116 3772
[mov,mp4,m4a,3gp,3g2,mj2 @ 000002a0e6097580] type:'tkhd' parent:'trak' sz: 92 8 3499
[mov,mp4,m4a,3gp,3g2,mj2 @ 000002a0e6097580] type:'edts' parent:'trak' sz: 36 100 3499
[mov,mp4,m4a,3gp,3g2,mj2 @ 000002a0e6097580] type:'elst' parent:'edts' sz: 28 8 28
[mov,mp4,m4a,3gp,3g2,mj2 @ 000002a0e6097580] track[0].edit_count = 1
[mov,mp4,m4a,3gp,3g2,mj2 @ 000002a0e6097580] duration=10042 time=1024 rate=1.000000
[mov,mp4,m4a,3gp,3g2,mj2 @ 000002a0e6097580] type:'mdia' parent:'trak' sz: 3371 136 3499
[mov,mp4,m4a,3gp,3g2,mj2 @ 000002a0e6097580] type:'mdhd' parent:'mdia' sz: 32 8 3363
[mov,mp4,m4a,3gp,3g2,mj2 @ 000002a0e6097580] type:'hdlr' parent:'mdia' sz: 45 40 3363
[mov,mp4,m4a,3gp,3g2,mj2 @ 000002a0e6097580] ctype=[0][0][0][0]
[mov,mp4,m4a,3gp,3g2,mj2 @ 000002a0e6097580] stype=vide
[mov,mp4,m4a,3gp,3g2,mj2 @ 000002a0e6097580] type:'minf' parent:'mdia' sz: 3286 85 3363
[mov,mp4,m4a,3gp,3g2,mj2 @ 000002a0e6097580] type:'vmhd' parent:'minf' sz: 20 8 3278
[mov,mp4,m4a,3gp,3g2,mj2 @ 000002a0e6097580] type:'dinf' parent:'minf' sz: 36 28 3278
[mov,mp4,m4a,3gp,3g2,mj2 @ 000002a0e6097580] type:'dref' parent:'dinf' sz: 28 8 28
[mov,mp4,m4a,3gp,3g2,mj2 @ 000002a0e6097580] Unknown dref type 0x206c7275 size 12
[mov,mp4,m4a,3gp,3g2,mj2 @ 000002a0e6097580] type:'stbl' parent:'minf' sz: 3222 64 3278
[mov,mp4,m4a,3gp,3g2,mj2 @ 000002a0e6097580] type:'stsd' parent:'stbl' sz: 194 8 3214
[mov,mp4,m4a,3gp,3g2,mj2 @ 000002a0e6097580] size=178 4CC=avc1 codec_type=0
[mov,mp4,m4a,3gp,3g2,mj2 @ 000002a0e6097580] type:'avcC' parent:'stsd' sz: 56 8 92
[mov,mp4,m4a,3gp,3g2,mj2 @ 000002a0e6097580] type:'pasp' parent:'stsd' sz: 16 64 92
[mov,mp4,m4a,3gp,3g2,mj2 @ 000002a0e6097580] pasp: hSpacing 1, vSpacing 1
[mov,mp4,m4a,3gp,3g2,mj2 @ 000002a0e6097580] type:'btrt' parent:'stsd' sz: 20 80 92
[mov,mp4,m4a,3gp,3g2,mj2 @ 000002a0e6097580] type:'stts' parent:'stbl' sz: 24 202 3214
[mov,mp4,m4a,3gp,3g2,mj2 @ 000002a0e6097580] track[0].stts.entries = 1
[mov,mp4,m4a,3gp,3g2,mj2 @ 000002a0e6097580] sample_count=241, sample_duration=512
[mov,mp4,m4a,3gp,3g2,mj2 @ 000002a0e6097580] type:'stss' parent:'stbl' sz: 20 226 3214
[mov,mp4,m4a,3gp,3g2,mj2 @ 000002a0e6097580] keyframe_count = 1
[mov,mp4,m4a,3gp,3g2,mj2 @ 000002a0e6097580] type:'ctts' parent:'stbl' sz: 1928 246 3214
[mov,mp4,m4a,3gp,3g2,mj2 @ 000002a0e6097580] track[0].ctts.entries = 239
[mov,mp4,m4a,3gp,3g2,mj2 @ 000002a0e6097580] count=2, duration=1024
[mov,mp4,m4a,3gp,3g2,mj2 @ 000002a0e6097580] count=1, duration=1536
[mov,mp4,m4a,3gp,3g2,mj2 @ 000002a0e6097580] count=1, duration=512
[mov,mp4,m4a,3gp,3g2,mj2 @ 000002a0e6097580] count=1, duration=2560
[mov,mp4,m4a,3gp,3g2,mj2 @ 000002a0e6097580] count=1, duration=1024
[mov,mp4,m4a,3gp,3g2,mj2 @ 000002a0e6097580] count=1, duration=0
[mov,mp4,m4a,3gp,3g2,mj2 @ 000002a0e6097580] count=1, duration=512
[mov,mp4,m4a,3gp,3g2,mj2 @ 000002a0e6097580] count=1, duration=2560
[mov,mp4,m4a,3gp,3g2,mj2 @ 000002a0e6097580] count=1, duration=1024
[mov,mp4,m4a,3gp,3g2,mj2 @ 000002a0e6097580] count=1, duration=0
[mov,mp4,m4a,3gp,3g2,mj2 @ 000002a0e6097580] count=1, duration=512
[mov,mp4,m4a,3gp,3g2,mj2 @ 000002a0e6097580] count=1, duration=2560
[mov,mp4,m4a,3gp,3g2,mj2 @ 000002a0e6097580] count=1, duration=1024
[mov,mp4,m4a,3gp,3g2,mj2 @ 000002a0e6097580] count=1, duration=0
[mov,mp4,m4a,3gp,3g2,mj2 @ 000002a0e6097580] count=1, duration=512
[mov,mp4,m4a,3gp,3g2,mj2 @ 000002a0e6097580] count=1, duration=2560
[mov,mp4,m4a,3gp,3g2,mj2 @ 000002a0e6097580] count=1, duration=1024
[mov,mp4,m4a,3gp,3g2,mj2 @ 000002a0e6097580] count=1, duration=0
[mov,mp4,m4a,3gp,3g2,mj2 @ 000002a0e6097580] count=1, duration=512
[mov,mp4,m4a,3gp,3g2,mj2 @ 000002a0e6097580] count=1, duration=1536
[mov,mp4,m4a,3gp,3g2,mj2 @ 000002a0e6097580] count=1, duration=512
[mov,mp4,m4a,3gp,3g2,mj2 @ 000002a0e6097580] count=1, duration=2560
[mov,mp4,m4a,3gp,3g2,mj2 @ 000002a0e6097580] count=1, duration=1024
[mov,mp4,m4a,3gp,3g2,mj2 @ 000002a0e6097580] count=1, duration=0
[mov,mp4,m4a,3gp,3g2,mj2 @ 000002a0e6097580] count=1, duration=512
[mov,mp4,m4a,3gp,3g2,mj2 @ 000002a0e6097580] count=1, duration=1536
[mov,mp4,m4a,3gp,3g2,mj2 @ 000002a0e6097580] count=1, duration=512
[mov,mp4,m4a,3gp,3g2,mj2 @ 000002a0e6097580] count=1, duration=2560
[mov,mp4,m4a,3gp,3g2,mj2 @ 000002a0e6097580] count=1, duration=1024
[mov,mp4,m4a,3gp,3g2,mj2 @ 000002a0e6097580] count=1, duration=0
[mov,mp4,m4a,3gp,3g2,mj2 @ 000002a0e6097580] count=1, duration=512
[mov,mp4,m4a,3gp,3g2,mj2 @ 000002a0e6097580] count=1, duration=2560
[mov,mp4,m4a,3gp,3g2,mj2 @ 000002a0e6097580] count=1, duration=1024
[mov,mp4,m4a,3gp,3g2,mj2 @ 000002a0e6097580] count=1, duration=0
[mov,mp4,m4a,3gp,3g2,mj2 @ 000002a0e6097580] count=1, duration=512
[mov,mp4,m4a,3gp,3g2,mj2 @ 000002a0e6097580] count=1, duration=2560
[mov,mp4,m4a,3gp,3g2,mj2 @ 000002a0e6097580] count=1, duration=1024
[mov,mp4,m4a,3gp,3g2,mj2 @ 000002a0e6097580] count=1, duration=0
[mov,mp4,m4a,3gp,3g2,mj2 @ 000002a0e6097580] count=1, duration=512
[mov,mp4,m4a,3gp,3g2,mj2 @ 000002a0e6097580] count=1, duration=2560
[mov,mp4,m4a,3gp,3g2,mj2 @ 000002a0e6097580] count=1, duration=1024
[mov,mp4,m4a,3gp,3g2,mj2 @ 000002a0e6097580] count=1, duration=0
[mov,mp4,m4a,3gp,3g2,mj2 @ 000002a0e6097580] count=1, duration=512
[mov,mp4,m4a,3gp,3g2,mj2 @ 000002a0e6097580] count=1, duration=2560
[mov,mp4,m4a,3gp,3g2,mj2 @ 000002a0e6097580] count=1, duration=1024
[mov,mp4,m4a,3gp,3g2,mj2 @ 000002a0e6097580] count=1, duration=0
[mov,mp4,m4a,3gp,3g2,mj2 @ 000002a0e6097580] count=1, duration=512
[mov,mp4,m4a,3gp,3g2,mj2 @ 000002a0e6097580] count=1, duration=2560
[mov,mp4,m4a,3gp,3g2,mj2 @ 000002a0e6097580] count=1, duration=1024
[mov,mp4,m4a,3gp,3g2,mj2 @ 000002a0e6097580] count=1, duration=0
[mov,mp4,m4a,3gp,3g2,mj2 @ 000002a0e6097580] count=1, duration=512
[mov,mp4,m4a,3gp,3g2,mj2 @ 000002a0e6097580] count=1, duration=2560
[mov,mp4,m4a,3gp,3g2,mj2 @ 000002a0e6097580] count=1, duration=1024
[mov,mp4,m4a,3gp,3g2,mj2 @ 000002a0e6097580] count=1, duration=0
[mov,mp4,m4a,3gp,3g2,mj2 @ 000002a0e6097580] count=1, duration=512
[mov,mp4,m4a,3gp,3g2,mj2 @ 000002a0e6097580] count=1, duration=2560
[mov,mp4,m4a,3gp,3g2,mj2 @ 000002a0e6097580] count=1, duration=1024
[mov,mp4,m4a,3gp,3g2,mj2 @ 000002a0e6097580] count=1, duration=0
[mov,mp4,m4a,3gp,3g2,mj2 @ 000002a0e6097580] count=1, duration=512
[mov,mp4,m4a,3gp,3g2,mj2 @ 000002a0e6097580] count=1, duration=2560
[mov,mp4,m4a,3gp,3g2,mj2 @ 000002a0e6097580] count=1, duration=1024
[mov,mp4,m4a,3gp,3g2,mj2 @ 000002a0e6097580] count=1, duration=0
[mov,mp4,m4a,3gp,3g2,mj2 @ 000002a0e6097580] count=1, duration=512
[mov,mp4,m4a,3gp,3g2,mj2 @ 000002a0e6097580] count=1, duration=2560
[mov,mp4,m4a,3gp,3g2,mj2 @ 000002a0e6097580] count=1, duration=1024
[mov,mp4,m4a,3gp,3g2,mj2 @ 000002a0e6097580] count=1, duration=0
[mov,mp4,m4a,3gp,3g2,mj2 @ 000002a0e6097580] count=1, duration=512
[mov,mp4,m4a,3gp,3g2,mj2 @ 000002a0e6097580] count=1, duration=2560
[mov,mp4,m4a,3gp,3g2,mj2 @ 000002a0e6097580] count=1, duration=1024
[mov,mp4,m4a,3gp,3g2,mj2 @ 000002a0e6097580] count=1, duration=0
[mov,mp4,m4a,3gp,3g2,mj2 @ 000002a0e6097580] count=1, duration=512
[mov,mp4,m4a,3gp,3g2,mj2 @ 000002a0e6097580] count=1, duration=2560
[mov,mp4,m4a,3gp,3g2,mj2 @ 000002a0e6097580] count=1, duration=1024
[mov,mp4,m4a,3gp,3g2,mj2 @ 000002a0e6097580] count=1, duration=0
[mov,mp4,m4a,3gp,3g2,mj2 @ 000002a0e6097580] count=1, duration=512
[mov,mp4,m4a,3gp,3g2,mj2 @ 000002a0e6097580] count=1, duration=2560
[mov,mp4,m4a,3gp,3g2,mj2 @ 000002a0e6097580] count=1, duration=1024
[mov,mp4,m4a,3gp,3g2,mj2 @ 000002a0e6097580] count=1, duration=0
[mov,mp4,m4a,3gp,3g2,mj2 @ 000002a0e6097580] count=1, duration=512
[mov,mp4,m4a,3gp,3g2,mj2 @ 000002a0e6097580] count=1, duration=2560
[mov,mp4,m4a,3gp,3g2,mj2 @ 000002a0e6097580] count=1, duration=1024
[mov,mp4,m4a,3gp,3g2,mj2 @ 000002a0e6097580] count=1, duration=0
[mov,mp4,m4a,3gp,3g2,mj2 @ 000002a0e6097580] count=1, duration=512
[mov,mp4,m4a,3gp,3g2,mj2 @ 000002a0e6097580] count=1, duration=2560
[mov,mp4,m4a,3gp,3g2,mj2 @ 000002a0e6097580] count=1, duration=1024
[mov,mp4,m4a,3gp,3g2,mj2 @ 000002a0e6097580] count=1, duration=0
[mov,mp4,m4a,3gp,3g2,mj2 @ 000002a0e6097580] count=1, duration=512
[mov,mp4,m4a,3gp,3g2,mj2 @ 000002a0e6097580] count=1, duration=2560
[mov,mp4,m4a,3gp,3g2,mj2 @ 000002a0e6097580] count=1, duration=1024
[mov,mp4,m4a,3gp,3g2,mj2 @ 000002a0e6097580] count=1, duration=0
[mov,mp4,m4a,3gp,3g2,mj2 @ 000002a0e6097580] count=1, duration=512
[mov,mp4,m4a,3gp,3g2,mj2 @ 000002a0e6097580] count=1, duration=2560
[mov,mp4,m4a,3gp,3g2,mj2 @ 000002a0e6097580] count=1, duration=1024
[mov,mp4,m4a,3gp,3g2,mj2 @ 000002a0e6097580] count=1, duration=0
[mov,mp4,m4a,3gp,3g2,mj2 @ 000002a0e6097580] count=1, duration=512
[mov,mp4,m4a,3gp,3g2,mj2 @ 000002a0e6097580] count=1, duration=2560
[mov,mp4,m4a,3gp,3g2,mj2 @ 000002a0e6097580] count=1, duration=1024
[mov,mp4,m4a,3gp,3g2,mj2 @ 000002a0e6097580] count=1, duration=0
[mov,mp4,m4a,3gp,3g2,mj2 @ 000002a0e6097580] count=1, duration=512
[mov,mp4,m4a,3gp,3g2,mj2 @ 000002a0e6097580] count=1, duration=2560
[mov,mp4,m4a,3gp,3g2,mj2 @ 000002a0e6097580] count=1, duration=1024
[mov,mp4,m4a,3gp,3g2,mj2 @ 000002a0e6097580] count=1, duration=0
[mov,mp4,m4a,3gp,3g2,mj2 @ 000002a0e6097580] count=1, duration=512
[mov,mp4,m4a,3gp,3g2,mj2 @ 000002a0e6097580] count=1, duration=2560
[mov,mp4,m4a,3gp,3g2,mj2 @ 000002a0e6097580] count=1, duration=1024
[mov,mp4,m4a,3gp,3g2,mj2 @ 000002a0e6097580] count=1, duration=0
[mov,mp4,m4a,3gp,3g2,mj2 @ 000002a0e6097580] count=1, duration=512
[mov,mp4,m4a,3gp,3g2,mj2 @ 000002a0e6097580] count=1, duration=2560
[mov,mp4,m4a,3gp,3g2,mj2 @ 000002a0e6097580] count=1, duration=1024
[mov,mp4,m4a,3gp,3g2,mj2 @ 000002a0e6097580] count=1, duration=0
[mov,mp4,m4a,3gp,3g2,mj2 @ 000002a0e6097580] count=1, duration=512
[mov,mp4,m4a,3gp,3g2,mj2 @ 000002a0e6097580] count=1, duration=2560
[mov,mp4,m4a,3gp,3g2,mj2 @ 000002a0e6097580] count=1, duration=1024
[mov,mp4,m4a,3gp,3g2,mj2 @ 000002a0e6097580] count=1, duration=0
[mov,mp4,m4a,3gp,3g2,mj2 @ 000002a0e6097580] count=1, duration=512
[mov,mp4,m4a,3gp,3g2,mj2 @ 000002a0e6097580] count=1, duration=2560
[mov,mp4,m4a,3gp,3g2,mj2 @ 000002a0e6097580] count=1, duration=1024
[mov,mp4,m4a,3gp,3g2,mj2 @ 000002a0e6097580] count=1, duration=0
[mov,mp4,m4a,3gp,3g2,mj2 @ 000002a0e6097580] count=1, duration=512
[mov,mp4,m4a,3gp,3g2,mj2 @ 000002a0e6097580] count=1, duration=2560
[mov,mp4,m4a,3gp,3g2,mj2 @ 000002a0e6097580] count=1, duration=1024
[mov,mp4,m4a,3gp,3g2,mj2 @ 000002a0e6097580] count=1, duration=0
[mov,mp4,m4a,3gp,3g2,mj2 @ 000002a0e6097580] count=1, duration=512
[mov,mp4,m4a,3gp,3g2,mj2 @ 000002a0e6097580] count=1, duration=2560
[mov,mp4,m4a,3gp,3g2,mj2 @ 000002a0e6097580] count=1, duration=1024
[mov,mp4,m4a,3gp,3g2,mj2 @ 000002a0e6097580] count=1, duration=0
[mov,mp4,m4a,3gp,3g2,mj2 @ 000002a0e6097580] count=1, duration=512
[mov,mp4,m4a,3gp,3g2,mj2 @ 000002a0e6097580] count=1, duration=1536
[mov,mp4,m4a,3gp,3g2,mj2 @ 000002a0e6097580] count=1, duration=512
[mov,mp4,m4a,3gp,3g2,mj2 @ 000002a0e6097580] count=1, duration=2560
[mov,mp4,m4a,3gp,3g2,mj2 @ 000002a0e6097580] count=1, duration=1024
[mov,mp4,m4a,3gp,3g2,mj2 @ 000002a0e6097580] count=1, duration=0
[mov,mp4,m4a,3gp,3g2,mj2 @ 000002a0e6097580] count=1, duration=512
[mov,mp4,m4a,3gp,3g2,mj2 @ 000002a0e6097580] count=1, duration=2560
[mov,mp4,m4a,3gp,3g2,mj2 @ 000002a0e6097580] count=1, duration=1024
[mov,mp4,m4a,3gp,3g2,mj2 @ 000002a0e6097580] count=1, duration=0
[mov,mp4,m4a,3gp,3g2,mj2 @ 000002a0e6097580] count=1, duration=512
[mov,mp4,m4a,3gp,3g2,mj2 @ 000002a0e6097580] count=1, duration=1536
[mov,mp4,m4a,3gp,3g2,mj2 @ 000002a0e6097580] count=1, duration=512
[mov,mp4,m4a,3gp,3g2,mj2 @ 000002a0e6097580] count=1, duration=1536
[mov,mp4,m4a,3gp,3g2,mj2 @ 000002a0e6097580] count=1, duration=512
[mov,mp4,m4a,3gp,3g2,mj2 @ 000002a0e6097580] count=1, duration=2560
[mov,mp4,m4a,3gp,3g2,mj2 @ 000002a0e6097580] count=1, duration=1024
[mov,mp4,m4a,3gp,3g2,mj2 @ 000002a0e6097580] count=1, duration=0
[mov,mp4,m4a,3gp,3g2,mj2 @ 000002a0e6097580] count=1, duration=512
[mov,mp4,m4a,3gp,3g2,mj2 @ 000002a0e6097580] count=1, duration=2560
[mov,mp4,m4a,3gp,3g2,mj2 @ 000002a0e6097580] count=1, duration=1024
[mov,mp4,m4a,3gp,3g2,mj2 @ 000002a0e6097580] count=1, duration=0
[mov,mp4,m4a,3gp,3g2,mj2 @ 000002a0e6097580] count=1, duration=512
[mov,mp4,m4a,3gp,3g2,mj2 @ 000002a0e6097580] count=1, duration=2560
[mov,mp4,m4a,3gp,3g2,mj2 @ 000002a0e6097580] count=1, duration=1024
[mov,mp4,m4a,3gp,3g2,mj2 @ 000002a0e6097580] count=1, duration=0
[mov,mp4,m4a,3gp,3g2,mj2 @ 000002a0e6097580] count=1, duration=512
[mov,mp4,m4a,3gp,3g2,mj2 @ 000002a0e6097580] count=1, duration=2560
[mov,mp4,m4a,3gp,3g2,mj2 @ 000002a0e6097580] count=1, duration=1024
[mov,mp4,m4a,3gp,3g2,mj2 @ 000002a0e6097580] count=1, duration=0
[mov,mp4,m4a,3gp,3g2,mj2 @ 000002a0e6097580] count=1, duration=512
[mov,mp4,m4a,3gp,3g2,mj2 @ 000002a0e6097580] count=1, duration=2560
[mov,mp4,m4a,3gp,3g2,mj2 @ 000002a0e6097580] count=1, duration=1024
[mov,mp4,m4a,3gp,3g2,mj2 @ 000002a0e6097580] count=1, duration=0
[mov,mp4,m4a,3gp,3g2,mj2 @ 000002a0e6097580] count=1, duration=512
[mov,mp4,m4a,3gp,3g2,mj2 @ 000002a0e6097580] count=1, duration=2560
[mov,mp4,m4a,3gp,3g2,mj2 @ 000002a0e6097580] count=1, duration=1024
[mov,mp4,m4a,3gp,3g2,mj2 @ 000002a0e6097580] count=1, duration=0
[mov,mp4,m4a,3gp,3g2,mj2 @ 000002a0e6097580] count=1, duration=512
[mov,mp4,m4a,3gp,3g2,mj2 @ 000002a0e6097580] count=1, duration=2560
[mov,mp4,m4a,3gp,3g2,mj2 @ 000002a0e6097580] count=1, duration=1024
[mov,mp4,m4a,3gp,3g2,mj2 @ 000002a0e6097580] count=1, duration=0
[mov,mp4,m4a,3gp,3g2,mj2 @ 000002a0e6097580] count=1, duration=512
[mov,mp4,m4a,3gp,3g2,mj2 @ 000002a0e6097580] count=1, duration=2560
[mov,mp4,m4a,3gp,3g2,mj2 @ 000002a0e6097580] count=1, duration=1024
[mov,mp4,m4a,3gp,3g2,mj2 @ 000002a0e6097580] count=1, duration=0
[mov,mp4,m4a,3gp,3g2,mj2 @ 000002a0e6097580] count=1, duration=512
[mov,mp4,m4a,3gp,3g2,mj2 @ 000002a0e6097580] count=1, duration=2560
[mov,mp4,m4a,3gp,3g2,mj2 @ 000002a0e6097580] count=1, duration=1024
[mov,mp4,m4a,3gp,3g2,mj2 @ 000002a0e6097580] count=1, duration=0
[mov,mp4,m4a,3gp,3g2,mj2 @ 000002a0e6097580] count=1, duration=512
[mov,mp4,m4a,3gp,3g2,mj2 @ 000002a0e6097580] count=1, duration=2560
[mov,mp4,m4a,3gp,3g2,mj2 @ 000002a0e6097580] count=1, duration=1024
[mov,mp4,m4a,3gp,3g2,mj2 @ 000002a0e6097580] count=1, duration=0
[mov,mp4,m4a,3gp,3g2,mj2 @ 000002a0e6097580] count=1, duration=512
[mov,mp4,m4a,3gp,3g2,mj2 @ 000002a0e6097580] count=1, duration=2560
[mov,mp4,m4a,3gp,3g2,mj2 @ 000002a0e6097580] count=1, duration=1024
[mov,mp4,m4a,3gp,3g2,mj2 @ 000002a0e6097580] count=1, duration=0
[mov,mp4,m4a,3gp,3g2,mj2 @ 000002a0e6097580] count=1, duration=512
[mov,mp4,m4a,3gp,3g2,mj2 @ 000002a0e6097580] count=1, duration=2560
[mov,mp4,m4a,3gp,3g2,mj2 @ 000002a0e6097580] count=1, duration=1024
[mov,mp4,m4a,3gp,3g2,mj2 @ 000002a0e6097580] count=1, duration=0
[mov,mp4,m4a,3gp,3g2,mj2 @ 000002a0e6097580] count=1, duration=512
[mov,mp4,m4a,3gp,3g2,mj2 @ 000002a0e6097580] count=1, duration=2560
[mov,mp4,m4a,3gp,3g2,mj2 @ 000002a0e6097580] count=1, duration=1024
[mov,mp4,m4a,3gp,3g2,mj2 @ 000002a0e6097580] count=1, duration=0
[mov,mp4,m4a,3gp,3g2,mj2 @ 000002a0e6097580] count=1, duration=512
[mov,mp4,m4a,3gp,3g2,mj2 @ 000002a0e6097580] count=1, duration=2560
[mov,mp4,m4a,3gp,3g2,mj2 @ 000002a0e6097580] count=1, duration=1024
[mov,mp4,m4a,3gp,3g2,mj2 @ 000002a0e6097580] count=1, duration=0
[mov,mp4,m4a,3gp,3g2,mj2 @ 000002a0e6097580] count=1, duration=512
[mov,mp4,m4a,3gp,3g2,mj2 @ 000002a0e6097580] count=1, duration=1536
[mov,mp4,m4a,3gp,3g2,mj2 @ 000002a0e6097580] count=1, duration=512
[mov,mp4,m4a,3gp,3g2,mj2 @ 000002a0e6097580] count=1, duration=2560
[mov,mp4,m4a,3gp,3g2,mj2 @ 000002a0e6097580] count=1, duration=1024
[mov,mp4,m4a,3gp,3g2,mj2 @ 000002a0e6097580] count=1, duration=0
[mov,mp4,m4a,3gp,3g2,mj2 @ 000002a0e6097580] count=1, duration=512
[mov,mp4,m4a,3gp,3g2,mj2 @ 000002a0e6097580] count=1, duration=2560
[mov,mp4,m4a,3gp,3g2,mj2 @ 000002a0e6097580] count=1, duration=1024
[mov,mp4,m4a,3gp,3g2,mj2 @ 000002a0e6097580] count=1, duration=0
[mov,mp4,m4a,3gp,3g2,mj2 @ 000002a0e6097580] count=1, duration=512
[mov,mp4,m4a,3gp,3g2,mj2 @ 000002a0e6097580] count=1, duration=2560
[mov,mp4,m4a,3gp,3g2,mj2 @ 000002a0e6097580] count=1, duration=1024
[mov,mp4,m4a,3gp,3g2,mj2 @ 000002a0e6097580] count=1, duration=0
[mov,mp4,m4a,3gp,3g2,mj2 @ 000002a0e6097580] count=1, duration=512
[mov,mp4,m4a,3gp,3g2,mj2 @ 000002a0e6097580] count=1, duration=1536
[mov,mp4,m4a,3gp,3g2,mj2 @ 000002a0e6097580] count=1, duration=512
[mov,mp4,m4a,3gp,3g2,mj2 @ 000002a0e6097580] count=1, duration=1536
[mov,mp4,m4a,3gp,3g2,mj2 @ 000002a0e6097580] count=1, duration=512
[mov,mp4,m4a,3gp,3g2,mj2 @ 000002a0e6097580] count=1, duration=1536
[mov,mp4,m4a,3gp,3g2,mj2 @ 000002a0e6097580] count=1, duration=512
[mov,mp4,m4a,3gp,3g2,mj2 @ 000002a0e6097580] count=1, duration=1536
[mov,mp4,m4a,3gp,3g2,mj2 @ 000002a0e6097580] count=1, duration=512
[mov,mp4,m4a,3gp,3g2,mj2 @ 000002a0e6097580] count=1, duration=1536
[mov,mp4,m4a,3gp,3g2,mj2 @ 000002a0e6097580] count=1, duration=512
[mov,mp4,m4a,3gp,3g2,mj2 @ 000002a0e6097580] count=1, duration=2560
[mov,mp4,m4a,3gp,3g2,mj2 @ 000002a0e6097580] count=1, duration=1024
[mov,mp4,m4a,3gp,3g2,mj2 @ 000002a0e6097580] count=1, duration=0
[mov,mp4,m4a,3gp,3g2,mj2 @ 000002a0e6097580] count=1, duration=512
[mov,mp4,m4a,3gp,3g2,mj2 @ 000002a0e6097580] count=1, duration=2560
[mov,mp4,m4a,3gp,3g2,mj2 @ 000002a0e6097580] count=1, duration=1024
[mov,mp4,m4a,3gp,3g2,mj2 @ 000002a0e6097580] count=1, duration=0
[mov,mp4,m4a,3gp,3g2,mj2 @ 000002a0e6097580] count=1, duration=512
[mov,mp4,m4a,3gp,3g2,mj2 @ 000002a0e6097580] count=1, duration=2560
[mov,mp4,m4a,3gp,3g2,mj2 @ 000002a0e6097580] count=1, duration=1024
[mov,mp4,m4a,3gp,3g2,mj2 @ 000002a0e6097580] count=1, duration=0
[mov,mp4,m4a,3gp,3g2,mj2 @ 000002a0e6097580] count=1, duration=512
[mov,mp4,m4a,3gp,3g2,mj2 @ 000002a0e6097580] count=1, duration=2560
[mov,mp4,m4a,3gp,3g2,mj2 @ 000002a0e6097580] count=1, duration=1024
[mov,mp4,m4a,3gp,3g2,mj2 @ 000002a0e6097580] count=1, duration=0
[mov,mp4,m4a,3gp,3g2,mj2 @ 000002a0e6097580] count=1, duration=512
[mov,mp4,m4a,3gp,3g2,mj2 @ 000002a0e6097580] count=1, duration=2048
[mov,mp4,m4a,3gp,3g2,mj2 @ 000002a0e6097580] count=2, duration=512
[mov,mp4,m4a,3gp,3g2,mj2 @ 000002a0e6097580] dts shift 0
[mov,mp4,m4a,3gp,3g2,mj2 @ 000002a0e6097580] type:'stsc' parent:'stbl' sz: 40 2174 3214
[mov,mp4,m4a,3gp,3g2,mj2 @ 000002a0e6097580] track[0].stsc.entries = 2
[mov,mp4,m4a,3gp,3g2,mj2 @ 000002a0e6097580] type:'stsz' parent:'stbl' sz: 984 2214 3214
[mov,mp4,m4a,3gp,3g2,mj2 @ 000002a0e6097580] sample_size = 0 sample_count = 241
[mov,mp4,m4a,3gp,3g2,mj2 @ 000002a0e6097580] type:'stco' parent:'stbl' sz: 24 3198 3214
[mov,mp4,m4a,3gp,3g2,mj2 @ 000002a0e6097580] AVIndex stream 0, sample 0, offset ef4, dts 0, size 88509, distance 0, keyframe 1
[mov,mp4,m4a,3gp,3g2,mj2 @ 000002a0e6097580] AVIndex stream 0, sample 1, offset 168b1, dts 512, size 13587, distance 1, keyframe 0
[mov,mp4,m4a,3gp,3g2,mj2 @ 000002a0e6097580] AVIndex stream 0, sample 2, offset 19dc4, dts 1024, size 18447, distance 2, keyframe 0
[mov,mp4,m4a,3gp,3g2,mj2 @ 000002a0e6097580] AVIndex stream 0, sample 3, offset 1e5d3, dts 1536, size 1244, distance 3, keyframe 0
[mov,mp4,m4a,3gp,3g2,mj2 @ 000002a0e6097580] AVIndex stream 0, sample 4, offset 1eaaf, dts 2048, size 23949, distance 4, keyframe 0
[mov,mp4,m4a,3gp,3g2,mj2 @ 000002a0e6097580] AVIndex stream 0, sample 5, offset 2483c, dts 2560, size 2605, distance 5, keyframe 0
[mov,mp4,m4a,3gp,3g2,mj2 @ 000002a0e6097580] AVIndex stream 0, sample 6, offset 25269, dts 3072, size 1724, distance 6, keyframe 0
[mov,mp4,m4a,3gp,3g2,mj2 @ 000002a0e6097580] AVIndex stream 0, sample 7, offset 25925, dts 3584, size 1578, distance 7, keyframe 0
[mov,mp4,m4a,3gp,3g2,mj2 @ 000002a0e6097580] AVIndex stream 0, sample 8, offset 25f4f, dts 4096, size 22844, distance 8, keyframe 0
[mov,mp4,m4a,3gp,3g2,mj2 @ 000002a0e6097580] AVIndex stream 0, sample 9, offset 2b88b, dts 4608, size 2755, distance 9, keyframe 0
[mov,mp4,m4a,3gp,3g2,mj2 @ 000002a0e6097580] AVIndex stream 0, sample 10, offset 2c34e, dts 5120, size 1747, distance 10, keyframe 0
[mov,mp4,m4a,3gp,3g2,mj2 @ 000002a0e6097580] AVIndex stream 0, sample 11, offset 2ca21, dts 5632, size 1787, distance 11, keyframe 0
[mov,mp4,m4a,3gp,3g2,mj2 @ 000002a0e6097580] AVIndex stream 0, sample 12, offset 2d11c, dts 6144, size 22096, distance 12, keyframe 0
[mov,mp4,m4a,3gp,3g2,mj2 @ 000002a0e6097580] AVIndex stream 0, sample 13, offset 3276c, dts 6656, size 2528, distance 13, keyframe 0
[mov,mp4,m4a,3gp,3g2,mj2 @ 000002a0e6097580] AVIndex stream 0, sample 14, offset 3314c, dts 7168, size 1704, distance 14, keyframe 0
[mov,mp4,m4a,3gp,3g2,mj2 @ 000002a0e6097580] AVIndex stream 0, sample 15, offset 337f4, dts 7680, size 1454, distance 15, keyframe 0
[mov,mp4,m4a,3gp,3g2,mj2 @ 000002a0e6097580] AVIndex stream 0, sample 16, offset 33da2, dts 8192, size 19445, distance 16, keyframe 0
[mov,mp4,m4a,3gp,3g2,mj2 @ 000002a0e6097580] AVIndex stream 0, sample 17, offset 38997, dts 8704, size 2549, distance 17, keyframe 0
[mov,mp4,m4a,3gp,3g2,mj2 @ 000002a0e6097580] AVIndex stream 0, sample 18, offset 3938c, dts 9216, size 1782, distance 18, keyframe 0
[mov,mp4,m4a,3gp,3g2,mj2 @ 000002a0e6097580] AVIndex stream 0, sample 19, offset 39a82, dts 9728, size 1429, distance 19, keyframe 0
[mov,mp4,m4a,3gp,3g2,mj2 @ 000002a0e6097580] AVIndex stream 0, sample 20, offset 3a017, dts 10240, size 13484, distance 20, keyframe 0
[mov,mp4,m4a,3gp,3g2,mj2 @ 000002a0e6097580] AVIndex stream 0, sample 21, offset 3d4c3, dts 10752, size 1188, distance 21, keyframe 0
[mov,mp4,m4a,3gp,3g2,mj2 @ 000002a0e6097580] AVIndex stream 0, sample 22, offset 3d967, dts 11264, size 17479, distance 22, keyframe 0
[mov,mp4,m4a,3gp,3g2,mj2 @ 000002a0e6097580] AVIndex stream 0, sample 23, offset 41dae, dts 11776, size 2841, distance 23, keyframe 0
[mov,mp4,m4a,3gp,3g2,mj2 @ 000002a0e6097580] AVIndex stream 0, sample 24, offset 428c7, dts 12288, size 1906, distance 24, keyframe 0
[mov,mp4,m4a,3gp,3g2,mj2 @ 000002a0e6097580] AVIndex stream 0, sample 25, offset 43039, dts 12800, size 1177, distance 25, keyframe 0
[mov,mp4,m4a,3gp,3g2,mj2 @ 000002a0e6097580] AVIndex stream 0, sample 26, offset 434d2, dts 13312, size 10669, distance 26, keyframe 0
[mov,mp4,m4a,3gp,3g2,mj2 @ 000002a0e6097580] AVIndex stream 0, sample 27, offset 45e7f, dts 13824, size 1177, distance 27, keyframe 0
[mov,mp4,m4a,3gp,3g2,mj2 @ 000002a0e6097580] AVIndex stream 0, sample 28, offset 46318, dts 14336, size 15208, distance 28, keyframe 0
[mov,mp4,m4a,3gp,3g2,mj2 @ 000002a0e6097580] AVIndex stream 0, sample 29, offset 49e80, dts 14848, size 2442, distance 29, keyframe 0
[mov,mp4,m4a,3gp,3g2,mj2 @ 000002a0e6097580] AVIndex stream 0, sample 30, offset 4a80a, dts 15360, size 1064, distance 30, keyframe 0
[mov,mp4,m4a,3gp,3g2,mj2 @ 000002a0e6097580] AVIndex stream 0, sample 31, offset 4ac32, dts 15872, size 1158, distance 31, keyframe 0
[mov,mp4,m4a,3gp,3g2,mj2 @ 000002a0e6097580] AVIndex stream 0, sample 32, offset 4b0b8, dts 16384, size 14824, distance 32, keyframe 0
[mov,mp4,m4a,3gp,3g2,mj2 @ 000002a0e6097580] AVIndex stream 0, sample 33, offset 4eaa0, dts 16896, size 2580, distance 33, keyframe 0
[mov,mp4,m4a,3gp,3g2,mj2 @ 000002a0e6097580] AVIndex stream 0, sample 34, offset 4f4b4, dts 17408, size 1055, distance 34, keyframe 0
[mov,mp4,m4a,3gp,3g2,mj2 @ 000002a0e6097580] AVIndex stream 0, sample 35, offset 4f8d3, dts 17920, size 1248, distance 35, keyframe 0
[mov,mp4,m4a,3gp,3g2,mj2 @ 000002a0e6097580] AVIndex stream 0, sample 36, offset 4fdb3, dts 18432, size 16467, distance 36, keyframe 0
[mov,mp4,m4a,3gp,3g2,mj2 @ 000002a0e6097580] AVIndex stream 0, sample 37, offset 53e06, dts 18944, size 2749, distance 37, keyframe 0
[mov,mp4,m4a,3gp,3g2,mj2 @ 000002a0e6097580] AVIndex stream 0, sample 38, offset 548c3, dts 19456, size 1144, distance 38, keyframe 0
[mov,mp4,m4a,3gp,3g2,mj2 @ 000002a0e6097580] AVIndex stream 0, sample 39, offset 54d3b, dts 19968, size 1392, distance 39, keyframe 0
[mov,mp4,m4a,3gp,3g2,mj2 @ 000002a0e6097580] AVIndex stream 0, sample 40, offset 552ab, dts 20480, size 16034, distance 40, keyframe 0
[mov,mp4,m4a,3gp,3g2,mj2 @ 000002a0e6097580] AVIndex stream 0, sample 41, offset 5914d, dts 20992, size 2659, distance 41, keyframe 0
[mov,mp4,m4a,3gp,3g2,mj2 @ 000002a0e6097580] AVIndex stream 0, sample 42, offset 59bb0, dts 21504, size 1245, distance 42, keyframe 0
[mov,mp4,m4a,3gp,3g2,mj2 @ 000002a0e6097580] AVIndex stream 0, sample 43, offset 5a08d, dts 22016, size 1350, distance 43, keyframe 0
[mov,mp4,m4a,3gp,3g2,mj2 @ 000002a0e6097580] AVIndex stream 0, sample 44, offset 5a5d3, dts 22528, size 16250, distance 44, keyframe 0
[mov,mp4,m4a,3gp,3g2,mj2 @ 000002a0e6097580] AVIndex stream 0, sample 45, offset 5e54d, dts 23040, size 2554, distance 45, keyframe 0
[mov,mp4,m4a,3gp,3g2,mj2 @ 000002a0e6097580] AVIndex stream 0, sample 46, offset 5ef47, dts 23552, size 1160, distance 46, keyframe 0
[mov,mp4,m4a,3gp,3g2,mj2 @ 000002a0e6097580] AVIndex stream 0, sample 47, offset 5f3cf, dts 24064, size 1236, distance 47, keyframe 0
[mov,mp4,m4a,3gp,3g2,mj2 @ 000002a0e6097580] AVIndex stream 0, sample 48, offset 5f8a3, dts 24576, size 14694, distance 48, keyframe 0
[mov,mp4,m4a,3gp,3g2,mj2 @ 000002a0e6097580] AVIndex stream 0, sample 49, offset 63209, dts 25088, size 2615, distance 49, keyframe 0
[mov,mp4,m4a,3gp,3g2,mj2 @ 000002a0e6097580] AVIndex stream 0, sample 50, offset 63c40, dts 25600, size 1172, distance 50, keyframe 0
[mov,mp4,m4a,3gp,3g2,mj2 @ 000002a0e6097580] AVIndex stream 0, sample 51, offset 640d4, dts 26112, size 1233, distance 51, keyframe 0
[mov,mp4,m4a,3gp,3g2,mj2 @ 000002a0e6097580] AVIndex stream 0, sample 52, offset 645a5, dts 26624, size 15177, distance 52, keyframe 0
[mov,mp4,m4a,3gp,3g2,mj2 @ 000002a0e6097580] AVIndex stream 0, sample 53, offset 680ee, dts 27136, size 2601, distance 53, keyframe 0
[mov,mp4,m4a,3gp,3g2,mj2 @ 000002a0e6097580] AVIndex stream 0, sample 54, offset 68b17, dts 27648, size 1064, distance 54, keyframe 0
[mov,mp4,m4a,3gp,3g2,mj2 @ 000002a0e6097580] AVIndex stream 0, sample 55, offset 68f3f, dts 28160, size 1285, distance 55, keyframe 0
[mov,mp4,m4a,3gp,3g2,mj2 @ 000002a0e6097580] AVIndex stream 0, sample 56, offset 69444, dts 28672, size 15799, distance 56, keyframe 0
[mov,mp4,m4a,3gp,3g2,mj2 @ 000002a0e6097580] AVIndex stream 0, sample 57, offset 6d1fb, dts 29184, size 3198, distance 57, keyframe 0
[mov,mp4,m4a,3gp,3g2,mj2 @ 000002a0e6097580] AVIndex stream 0, sample 58, offset 6de79, dts 29696, size 1331, distance 58, keyframe 0
[mov,mp4,m4a,3gp,3g2,mj2 @ 000002a0e6097580] AVIndex stream 0, sample 59, offset 6e3ac, dts 30208, size 1574, distance 59, keyframe 0
[mov,mp4,m4a,3gp,3g2,mj2 @ 000002a0e6097580] AVIndex stream 0, sample 60, offset 6e9d2, dts 30720, size 15441, distance 60, keyframe 0
[mov,mp4,m4a,3gp,3g2,mj2 @ 000002a0e6097580] AVIndex stream 0, sample 61, offset 72623, dts 31232, size 3365, distance 61, keyframe 0
[mov,mp4,m4a,3gp,3g2,mj2 @ 000002a0e6097580] AVIndex stream 0, sample 62, offset 73348, dts 31744, size 1614, distance 62, keyframe 0
[mov,mp4,m4a,3gp,3g2,mj2 @ 000002a0e6097580] AVIndex stream 0, sample 63, offset 73996, dts 32256, size 1762, distance 63, keyframe 0
[mov,mp4,m4a,3gp,3g2,mj2 @ 000002a0e6097580] AVIndex stream 0, sample 64, offset 74078, dts 32768, size 15416, distance 64, keyframe 0
[mov,mp4,m4a,3gp,3g2,mj2 @ 000002a0e6097580] AVIndex stream 0, sample 65, offset 77cb0, dts 33280, size 3507, distance 65, keyframe 0
[mov,mp4,m4a,3gp,3g2,mj2 @ 000002a0e6097580] AVIndex stream 0, sample 66, offset 78a63, dts 33792, size 1584, distance 66, keyframe 0
[mov,mp4,m4a,3gp,3g2,mj2 @ 000002a0e6097580] AVIndex stream 0, sample 67, offset 79093, dts 34304, size 1665, distance 67, keyframe 0
[mov,mp4,m4a,3gp,3g2,mj2 @ 000002a0e6097580] AVIndex stream 0, sample 68, offset 79714, dts 34816, size 15273, distance 68, keyframe 0
[mov,mp4,m4a,3gp,3g2,mj2 @ 000002a0e6097580] AVIndex stream 0, sample 69, offset 7d2bd, dts 35328, size 3323, distance 69, keyframe 0
[mov,mp4,m4a,3gp,3g2,mj2 @ 000002a0e6097580] AVIndex stream 0, sample 70, offset 7dfb8, dts 35840, size 1430, distance 70, keyframe 0
[mov,mp4,m4a,3gp,3g2,mj2 @ 000002a0e6097580] AVIndex stream 0, sample 71, offset 7e54e, dts 36352, size 1632, distance 71, keyframe 0
[mov,mp4,m4a,3gp,3g2,mj2 @ 000002a0e6097580] AVIndex stream 0, sample 72, offset 7ebae, dts 36864, size 16180, distance 72, keyframe 0
[mov,mp4,m4a,3gp,3g2,mj2 @ 000002a0e6097580] AVIndex stream 0, sample 73, offset 82ae2, dts 37376, size 3608, distance 73, keyframe 0
[mov,mp4,m4a,3gp,3g2,mj2 @ 000002a0e6097580] AVIndex stream 0, sample 74, offset 838fa, dts 37888, size 1522, distance 74, keyframe 0
[mov,mp4,m4a,3gp,3g2,mj2 @ 000002a0e6097580] AVIndex stream 0, sample 75, offset 83eec, dts 38400, size 1865, distance 75, keyframe 0
[mov,mp4,m4a,3gp,3g2,mj2 @ 000002a0e6097580] AVIndex stream 0, sample 76, offset 84635, dts 38912, size 15955, distance 76, keyframe 0
[mov,mp4,m4a,3gp,3g2,mj2 @ 000002a0e6097580] AVIndex stream 0, sample 77, offset 88488, dts 39424, size 3543, distance 77, keyframe 0
[mov,mp4,m4a,3gp,3g2,mj2 @ 000002a0e6097580] AVIndex stream 0, sample 78, offset 8925f, dts 39936, size 1393, distance 78, keyframe 0
[mov,mp4,m4a,3gp,3g2,mj2 @ 000002a0e6097580] AVIndex stream 0, sample 79, offset 897d0, dts 40448, size 1737, distance 79, keyframe 0
[mov,mp4,m4a,3gp,3g2,mj2 @ 000002a0e6097580] AVIndex stream 0, sample 80, offset 89e99, dts 40960, size 15968, distance 80, keyframe 0
[mov,mp4,m4a,3gp,3g2,mj2 @ 000002a0e6097580] AVIndex stream 0, sample 81, offset 8dcf9, dts 41472, size 3567, distance 81, keyframe 0
[mov,mp4,m4a,3gp,3g2,mj2 @ 000002a0e6097580] AVIndex stream 0, sample 82, offset 8eae8, dts 41984, size 1625, distance 82, keyframe 0
[mov,mp4,m4a,3gp,3g2,mj2 @ 000002a0e6097580] AVIndex stream 0, sample 83, offset 8f141, dts 42496, size 1801, distance 83, keyframe 0
[mov,mp4,m4a,3gp,3g2,mj2 @ 000002a0e6097580] AVIndex stream 0, sample 84, offset 8f84a, dts 43008, size 16568, distance 84, keyframe 0
[mov,mp4,m4a,3gp,3g2,mj2 @ 000002a0e6097580] AVIndex stream 0, sample 85, offset 93902, dts 43520, size 3339, distance 85, keyframe 0
[mov,mp4,m4a,3gp,3g2,mj2 @ 000002a0e6097580] AVIndex stream 0, sample 86, offset 9460d, dts 44032, size 1380, distance 86, keyframe 0
[mov,mp4,m4a,3gp,3g2,mj2 @ 000002a0e6097580] AVIndex stream 0, sample 87, offset 94b71, dts 44544, size 1647, distance 87, keyframe 0
[mov,mp4,m4a,3gp,3g2,mj2 @ 000002a0e6097580] AVIndex stream 0, sample 88, offset 951e0, dts 45056, size 14697, distance 88, keyframe 0
[mov,mp4,m4a,3gp,3g2,mj2 @ 000002a0e6097580] AVIndex stream 0, sample 89, offset 98b49, dts 45568, size 2894, distance 89, keyframe 0
[mov,mp4,m4a,3gp,3g2,mj2 @ 000002a0e6097580] AVIndex stream 0, sample 90, offset 99697, dts 46080, size 1248, distance 90, keyframe 0
[mov,mp4,m4a,3gp,3g2,mj2 @ 000002a0e6097580] AVIndex stream 0, sample 91, offset 99b77, dts 46592, size 1500, distance 91, keyframe 0
[mov,mp4,m4a,3gp,3g2,mj2 @ 000002a0e6097580] AVIndex stream 0, sample 92, offset 9a153, dts 47104, size 18593, distance 92, keyframe 0
[mov,mp4,m4a,3gp,3g2,mj2 @ 000002a0e6097580] AVIndex stream 0, sample 93, offset 9e9f4, dts 47616, size 2672, distance 93, keyframe 0
[mov,mp4,m4a,3gp,3g2,mj2 @ 000002a0e6097580] AVIndex stream 0, sample 94, offset 9f464, dts 48128, size 1229, distance 94, keyframe 0
[mov,mp4,m4a,3gp,3g2,mj2 @ 000002a0e6097580] AVIndex stream 0, sample 95, offset 9f931, dts 48640, size 1562, distance 95, keyframe 0
[mov,mp4,m4a,3gp,3g2,mj2 @ 000002a0e6097580] AVIndex stream 0, sample 96, offset 9ff4b, dts 49152, size 17447, distance 96, keyframe 0
[mov,mp4,m4a,3gp,3g2,mj2 @ 000002a0e6097580] AVIndex stream 0, sample 97, offset a4372, dts 49664, size 2427, distance 97, keyframe 0
[mov,mp4,m4a,3gp,3g2,mj2 @ 000002a0e6097580] AVIndex stream 0, sample 98, offset a4ced, dts 50176, size 1297, distance 98, keyframe 0
[mov,mp4,m4a,3gp,3g2,mj2 @ 000002a0e6097580] AVIndex stream 0, sample 99, offset a51fe, dts 50688, size 1310, distance 99, keyframe 0
[mov,mp4,m4a,3gp,3g2,mj2 @ 000002a0e6097580] AVIndex stream 0, sample 100, offset a571c, dts 51200, size 16660, distance 100, keyframe 0
[mov,mp4,m4a,3gp,3g2,mj2 @ 000002a0e6097580] AVIndex stream 0, sample 101, offset a9830, dts 51712, size 2052, distance 101, keyframe 0
[mov,mp4,m4a,3gp,3g2,mj2 @ 000002a0e6097580] AVIndex stream 0, sample 102, offset aa034, dts 52224, size 1160, distance 102, keyframe 0
[mov,mp4,m4a,3gp,3g2,mj2 @ 000002a0e6097580] AVIndex stream 0, sample 103, offset aa4bc, dts 52736, size 1120, distance 103, keyframe 0
[mov,mp4,m4a,3gp,3g2,mj2 @ 000002a0e6097580] AVIndex stream 0, sample 104, offset aa91c, dts 53248, size 15252, distance 104, keyframe 0
[mov,mp4,m4a,3gp,3g2,mj2 @ 000002a0e6097580] AVIndex stream 0, sample 105, offset ae4b0, dts 53760, size 1915, distance 105, keyframe 0
[mov,mp4,m4a,3gp,3g2,mj2 @ 000002a0e6097580] AVIndex stream 0, sample 106, offset aec2b, dts 54272, size 986, distance 106, keyframe 0
[mov,mp4,m4a,3gp,3g2,mj2 @ 000002a0e6097580] AVIndex stream 0, sample 107, offset af005, dts 54784, size 1055, distance 107, keyframe 0
[mov,mp4,m4a,3gp,3g2,mj2 @ 000002a0e6097580] AVIndex stream 0, sample 108, offset af424, dts 55296, size 15148, distance 108, keyframe 0
[mov,mp4,m4a,3gp,3g2,mj2 @ 000002a0e6097580] AVIndex stream 0, sample 109, offset b2f50, dts 55808, size 1787, distance 109, keyframe 0
[mov,mp4,m4a,3gp,3g2,mj2 @ 000002a0e6097580] AVIndex stream 0, sample 110, offset b364b, dts 56320, size 952, distance 110, keyframe 0
[mov,mp4,m4a,3gp,3g2,mj2 @ 000002a0e6097580] AVIndex stream 0, sample 111, offset b3a03, dts 56832, size 1254, distance 111, keyframe 0
[mov,mp4,m4a,3gp,3g2,mj2 @ 000002a0e6097580] AVIndex stream 0, sample 112, offset b3ee9, dts 57344, size 14770, distance 112, keyframe 0
[mov,mp4,m4a,3gp,3g2,mj2 @ 000002a0e6097580] AVIndex stream 0, sample 113, offset b789b, dts 57856, size 1769, distance 113, keyframe 0
[mov,mp4,m4a,3gp,3g2,mj2 @ 000002a0e6097580] AVIndex stream 0, sample 114, offset b7f84, dts 58368, size 842, distance 114, keyframe 0
[mov,mp4,m4a,3gp,3g2,mj2 @ 000002a0e6097580] AVIndex stream 0, sample 115, offset b82ce, dts 58880, size 901, distance 115, keyframe 0
[mov,mp4,m4a,3gp,3g2,mj2 @ 000002a0e6097580] AVIndex stream 0, sample 116, offset b8653, dts 59392, size 15148, distance 116, keyframe 0
[mov,mp4,m4a,3gp,3g2,mj2 @ 000002a0e6097580] AVIndex stream 0, sample 117, offset bc17f, dts 59904, size 1661, distance 117, keyframe 0
[mov,mp4,m4a,3gp,3g2,mj2 @ 000002a0e6097580] AVIndex stream 0, sample 118, offset bc7fc, dts 60416, size 722, distance 118, keyframe 0
[mov,mp4,m4a,3gp,3g2,mj2 @ 000002a0e6097580] AVIndex stream 0, sample 119, offset bcace, dts 60928, size 876, distance 119, keyframe 0
[mov,mp4,m4a,3gp,3g2,mj2 @ 000002a0e6097580] AVIndex stream 0, sample 120, offset bce3a, dts 61440, size 14816, distance 120, keyframe 0
[mov,mp4,m4a,3gp,3g2,mj2 @ 000002a0e6097580] AVIndex stream 0, sample 121, offset c081a, dts 61952, size 1481, distance 121, keyframe 0
[mov,mp4,m4a,3gp,3g2,mj2 @ 000002a0e6097580] AVIndex stream 0, sample 122, offset c0de3, dts 62464, size 776, distance 122, keyframe 0
[mov,mp4,m4a,3gp,3g2,mj2 @ 000002a0e6097580] AVIndex stream 0, sample 123, offset c10eb, dts 62976, size 835, distance 123, keyframe 0
[mov,mp4,m4a,3gp,3g2,mj2 @ 000002a0e6097580] AVIndex stream 0, sample 124, offset c142e, dts 63488, size 14359, distance 124, keyframe 0
[mov,mp4,m4a,3gp,3g2,mj2 @ 000002a0e6097580] AVIndex stream 0, sample 125, offset c4c45, dts 64000, size 1516, distance 125, keyframe 0
[mov,mp4,m4a,3gp,3g2,mj2 @ 000002a0e6097580] AVIndex stream 0, sample 126, offset c5231, dts 64512, size 695, distance 126, keyframe 0
[mov,mp4,m4a,3gp,3g2,mj2 @ 000002a0e6097580] AVIndex stream 0, sample 127, offset c54e8, dts 65024, size 794, distance 127, keyframe 0
[mov,mp4,m4a,3gp,3g2,mj2 @ 000002a0e6097580] AVIndex stream 0, sample 128, offset c5802, dts 65536, size 7343, distance 128, keyframe 0
[mov,mp4,m4a,3gp,3g2,mj2 @ 000002a0e6097580] AVIndex stream 0, sample 129, offset c74b1, dts 66048, size 656, distance 129, keyframe 0
[mov,mp4,m4a,3gp,3g2,mj2 @ 000002a0e6097580] AVIndex stream 0, sample 130, offset c7741, dts 66560, size 11461, distance 130, keyframe 0
[mov,mp4,m4a,3gp,3g2,mj2 @ 000002a0e6097580] AVIndex stream 0, sample 131, offset ca406, dts 67072, size 2043, distance 131, keyframe 0
[mov,mp4,m4a,3gp,3g2,mj2 @ 000002a0e6097580] AVIndex stream 0, sample 132, offset cac01, dts 67584, size 712, distance 132, keyframe 0
[mov,mp4,m4a,3gp,3g2,mj2 @ 000002a0e6097580] AVIndex stream 0, sample 133, offset caec9, dts 68096, size 656, distance 133, keyframe 0
[mov,mp4,m4a,3gp,3g2,mj2 @ 000002a0e6097580] AVIndex stream 0, sample 134, offset cb159, dts 68608, size 12157, distance 134, keyframe 0
[mov,mp4,m4a,3gp,3g2,mj2 @ 000002a0e6097580] AVIndex stream 0, sample 135, offset ce0d6, dts 69120, size 1839, distance 135, keyframe 0
[mov,mp4,m4a,3gp,3g2,mj2 @ 000002a0e6097580] AVIndex stream 0, sample 136, offset ce805, dts 69632, size 667, distance 136, keyframe 0
[mov,mp4,m4a,3gp,3g2,mj2 @ 000002a0e6097580] AVIndex stream 0, sample 137, offset ceaa0, dts 70144, size 634, distance 137, keyframe 0
[mov,mp4,m4a,3gp,3g2,mj2 @ 000002a0e6097580] AVIndex stream 0, sample 138, offset ced1a, dts 70656, size 10594, distance 138, keyframe 0
[mov,mp4,m4a,3gp,3g2,mj2 @ 000002a0e6097580] AVIndex stream 0, sample 139, offset d167c, dts 71168, size 913, distance 139, keyframe 0
[mov,mp4,m4a,3gp,3g2,mj2 @ 000002a0e6097580] AVIndex stream 0, sample 140, offset d1a0d, dts 71680, size 8718, distance 140, keyframe 0
[mov,mp4,m4a,3gp,3g2,mj2 @ 000002a0e6097580] AVIndex stream 0, sample 141, offset d3c1b, dts 72192, size 801, distance 141, keyframe 0
[mov,mp4,m4a,3gp,3g2,mj2 @ 000002a0e6097580] AVIndex stream 0, sample 142, offset d3f3c, dts 72704, size 14462, distance 142, keyframe 0
[mov,mp4,m4a,3gp,3g2,mj2 @ 000002a0e6097580] AVIndex stream 0, sample 143, offset d77ba, dts 73216, size 2896, distance 143, keyframe 0
[mov,mp4,m4a,3gp,3g2,mj2 @ 000002a0e6097580] AVIndex stream 0, sample 144, offset d830a, dts 73728, size 968, distance 144, keyframe 0
[mov,mp4,m4a,3gp,3g2,mj2 @ 000002a0e6097580] AVIndex stream 0, sample 145, offset d86d2, dts 74240, size 785, distance 145, keyframe 0
[mov,mp4,m4a,3gp,3g2,mj2 @ 000002a0e6097580] AVIndex stream 0, sample 146, offset d89e3, dts 74752, size 13359, distance 146, keyframe 0
[mov,mp4,m4a,3gp,3g2,mj2 @ 000002a0e6097580] AVIndex stream 0, sample 147, offset dbe12, dts 75264, size 2472, distance 147, keyframe 0
[mov,mp4,m4a,3gp,3g2,mj2 @ 000002a0e6097580] AVIndex stream 0, sample 148, offset dc7ba, dts 75776, size 864, distance 148, keyframe 0
[mov,mp4,m4a,3gp,3g2,mj2 @ 000002a0e6097580] AVIndex stream 0, sample 149, offset dcb1a, dts 76288, size 739, distance 149, keyframe 0
[mov,mp4,m4a,3gp,3g2,mj2 @ 000002a0e6097580] AVIndex stream 0, sample 150, offset dcdfd, dts 76800, size 13091, distance 150, keyframe 0
[mov,mp4,m4a,3gp,3g2,mj2 @ 000002a0e6097580] AVIndex stream 0, sample 151, offset e0120, dts 77312, size 2431, distance 151, keyframe 0
[mov,mp4,m4a,3gp,3g2,mj2 @ 000002a0e6097580] AVIndex stream 0, sample 152, offset e0a9f, dts 77824, size 868, distance 152, keyframe 0
[mov,mp4,m4a,3gp,3g2,mj2 @ 000002a0e6097580] AVIndex stream 0, sample 153, offset e0e03, dts 78336, size 805, distance 153, keyframe 0
[mov,mp4,m4a,3gp,3g2,mj2 @ 000002a0e6097580] AVIndex stream 0, sample 154, offset e1128, dts 78848, size 13355, distance 154, keyframe 0
[mov,mp4,m4a,3gp,3g2,mj2 @ 000002a0e6097580] AVIndex stream 0, sample 155, offset e4553, dts 79360, size 2402, distance 155, keyframe 0
[mov,mp4,m4a,3gp,3g2,mj2 @ 000002a0e6097580] AVIndex stream 0, sample 156, offset e4eb5, dts 79872, size 847, distance 156, keyframe 0
[mov,mp4,m4a,3gp,3g2,mj2 @ 000002a0e6097580] AVIndex stream 0, sample 157, offset e5204, dts 80384, size 808, distance 157, keyframe 0
[mov,mp4,m4a,3gp,3g2,mj2 @ 000002a0e6097580] AVIndex stream 0, sample 158, offset e552c, dts 80896, size 13166, distance 158, keyframe 0
[mov,mp4,m4a,3gp,3g2,mj2 @ 000002a0e6097580] AVIndex stream 0, sample 159, offset e889a, dts 81408, size 2245, distance 159, keyframe 0
[mov,mp4,m4a,3gp,3g2,mj2 @ 000002a0e6097580] AVIndex stream 0, sample 160, offset e915f, dts 81920, size 891, distance 160, keyframe 0
[mov,mp4,m4a,3gp,3g2,mj2 @ 000002a0e6097580] AVIndex stream 0, sample 161, offset e94da, dts 82432, size 842, distance 161, keyframe 0
[mov,mp4,m4a,3gp,3g2,mj2 @ 000002a0e6097580] AVIndex stream 0, sample 162, offset e9824, dts 82944, size 12391, distance 162, keyframe 0
[mov,mp4,m4a,3gp,3g2,mj2 @ 000002a0e6097580] AVIndex stream 0, sample 163, offset ec88b, dts 83456, size 2374, distance 163, keyframe 0
[mov,mp4,m4a,3gp,3g2,mj2 @ 000002a0e6097580] AVIndex stream 0, sample 164, offset ed1d1, dts 83968, size 848, distance 164, keyframe 0
[mov,mp4,m4a,3gp,3g2,mj2 @ 000002a0e6097580] AVIndex stream 0, sample 165, offset ed521, dts 84480, size 752, distance 165, keyframe 0
[mov,mp4,m4a,3gp,3g2,mj2 @ 000002a0e6097580] AVIndex stream 0, sample 166, offset ed811, dts 84992, size 12467, distance 166, keyframe 0
[mov,mp4,m4a,3gp,3g2,mj2 @ 000002a0e6097580] AVIndex stream 0, sample 167, offset f08c4, dts 85504, size 2363, distance 167, keyframe 0
[mov,mp4,m4a,3gp,3g2,mj2 @ 000002a0e6097580] AVIndex stream 0, sample 168, offset f11ff, dts 86016, size 822, distance 168, keyframe 0
[mov,mp4,m4a,3gp,3g2,mj2 @ 000002a0e6097580] AVIndex stream 0, sample 169, offset f1535, dts 86528, size 784, distance 169, keyframe 0
[mov,mp4,m4a,3gp,3g2,mj2 @ 000002a0e6097580] AVIndex stream 0, sample 170, offset f1845, dts 87040, size 10782, distance 170, keyframe 0
[mov,mp4,m4a,3gp,3g2,mj2 @ 000002a0e6097580] AVIndex stream 0, sample 171, offset f4263, dts 87552, size 2535, distance 171, keyframe 0
[mov,mp4,m4a,3gp,3g2,mj2 @ 000002a0e6097580] AVIndex stream 0, sample 172, offset f4c4a, dts 88064, size 879, distance 172, keyframe 0
[mov,mp4,m4a,3gp,3g2,mj2 @ 000002a0e6097580] AVIndex stream 0, sample 173, offset f4fb9, dts 88576, size 822, distance 173, keyframe 0
[mov,mp4,m4a,3gp,3g2,mj2 @ 000002a0e6097580] AVIndex stream 0, sample 174, offset f52ef, dts 89088, size 11240, distance 174, keyframe 0
[mov,mp4,m4a,3gp,3g2,mj2 @ 000002a0e6097580] AVIndex stream 0, sample 175, offset f7ed7, dts 89600, size 2743, distance 175, keyframe 0
[mov,mp4,m4a,3gp,3g2,mj2 @ 000002a0e6097580] AVIndex stream 0, sample 176, offset f898e, dts 90112, size 957, distance 176, keyframe 0
[mov,mp4,m4a,3gp,3g2,mj2 @ 000002a0e6097580] AVIndex stream 0, sample 177, offset f8d4b, dts 90624, size 1065, distance 177, keyframe 0
[mov,mp4,m4a,3gp,3g2,mj2 @ 000002a0e6097580] AVIndex stream 0, sample 178, offset f9174, dts 91136, size 13206, distance 178, keyframe 0
[mov,mp4,m4a,3gp,3g2,mj2 @ 000002a0e6097580] AVIndex stream 0, sample 179, offset fc50a, dts 91648, size 3973, distance 179, keyframe 0
[mov,mp4,m4a,3gp,3g2,mj2 @ 000002a0e6097580] AVIndex stream 0, sample 180, offset fd48f, dts 92160, size 1499, distance 180, keyframe 0
[mov,mp4,m4a,3gp,3g2,mj2 @ 000002a0e6097580] AVIndex stream 0, sample 181, offset fda6a, dts 92672, size 1396, distance 181, keyframe 0
[mov,mp4,m4a,3gp,3g2,mj2 @ 000002a0e6097580] AVIndex stream 0, sample 182, offset fdfde, dts 93184, size 13654, distance 182, keyframe 0
[mov,mp4,m4a,3gp,3g2,mj2 @ 000002a0e6097580] AVIndex stream 0, sample 183, offset 101534, dts 93696, size 4327, distance 183, keyframe 0
[mov,mp4,m4a,3gp,3g2,mj2 @ 000002a0e6097580] AVIndex stream 0, sample 184, offset 10261b, dts 94208, size 1718, distance 184, keyframe 0
[mov,mp4,m4a,3gp,3g2,mj2 @ 000002a0e6097580] AVIndex stream 0, sample 185, offset 102cd1, dts 94720, size 1576, distance 185, keyframe 0
[mov,mp4,m4a,3gp,3g2,mj2 @ 000002a0e6097580] AVIndex stream 0, sample 186, offset 1032f9, dts 95232, size 14290, distance 186, keyframe 0
[mov,mp4,m4a,3gp,3g2,mj2 @ 000002a0e6097580] AVIndex stream 0, sample 187, offset 106acb, dts 95744, size 3954, distance 187, keyframe 0
[mov,mp4,m4a,3gp,3g2,mj2 @ 000002a0e6097580] AVIndex stream 0, sample 188, offset 107a3d, dts 96256, size 1664, distance 188, keyframe 0
[mov,mp4,m4a,3gp,3g2,mj2 @ 000002a0e6097580] AVIndex stream 0, sample 189, offset 1080bd, dts 96768, size 1282, distance 189, keyframe 0
[mov,mp4,m4a,3gp,3g2,mj2 @ 000002a0e6097580] AVIndex stream 0, sample 190, offset 1085bf, dts 97280, size 14147, distance 190, keyframe 0
[mov,mp4,m4a,3gp,3g2,mj2 @ 000002a0e6097580] AVIndex stream 0, sample 191, offset 10bd02, dts 97792, size 3578, distance 191, keyframe 0
[mov,mp4,m4a,3gp,3g2,mj2 @ 000002a0e6097580] AVIndex stream 0, sample 192, offset 10cafc, dts 98304, size 1382, distance 192, keyframe 0
[mov,mp4,m4a,3gp,3g2,mj2 @ 000002a0e6097580] AVIndex stream 0, sample 193, offset 10d062, dts 98816, size 1127, distance 193, keyframe 0
[mov,mp4,m4a,3gp,3g2,mj2 @ 000002a0e6097580] AVIndex stream 0, sample 194, offset 10d4c9, dts 99328, size 13895, distance 194, keyframe 0
[mov,mp4,m4a,3gp,3g2,mj2 @ 000002a0e6097580] AVIndex stream 0, sample 195, offset 110b10, dts 99840, size 3697, distance 195, keyframe 0
[mov,mp4,m4a,3gp,3g2,mj2 @ 000002a0e6097580] AVIndex stream 0, sample 196, offset 111981, dts 100352, size 1378, distance 196, keyframe 0
[mov,mp4,m4a,3gp,3g2,mj2 @ 000002a0e6097580] AVIndex stream 0, sample 197, offset 111ee3, dts 100864, size 1228, distance 197, keyframe 0
[mov,mp4,m4a,3gp,3g2,mj2 @ 000002a0e6097580] AVIndex stream 0, sample 198, offset 1123af, dts 101376, size 13274, distance 198, keyframe 0
[mov,mp4,m4a,3gp,3g2,mj2 @ 000002a0e6097580] AVIndex stream 0, sample 199, offset 115789, dts 101888, size 1714, distance 199, keyframe 0
[mov,mp4,m4a,3gp,3g2,mj2 @ 000002a0e6097580] AVIndex stream 0, sample 200, offset 115e3b, dts 102400, size 17168, distance 200, keyframe 0
[mov,mp4,m4a,3gp,3g2,mj2 @ 000002a0e6097580] AVIndex stream 0, sample 201, offset 11a14b, dts 102912, size 3470, distance 201, keyframe 0
[mov,mp4,m4a,3gp,3g2,mj2 @ 000002a0e6097580] AVIndex stream 0, sample 202, offset 11aed9, dts 103424, size 1542, distance 202, keyframe 0
[mov,mp4,m4a,3gp,3g2,mj2 @ 000002a0e6097580] AVIndex stream 0, sample 203, offset 11b4df, dts 103936, size 1857, distance 203, keyframe 0
[mov,mp4,m4a,3gp,3g2,mj2 @ 000002a0e6097580] AVIndex stream 0, sample 204, offset 11bc20, dts 104448, size 17740, distance 204, keyframe 0
[mov,mp4,m4a,3gp,3g2,mj2 @ 000002a0e6097580] AVIndex stream 0, sample 205, offset 12016c, dts 104960, size 3693, distance 205, keyframe 0
[mov,mp4,m4a,3gp,3g2,mj2 @ 000002a0e6097580] AVIndex stream 0, sample 206, offset 120fd9, dts 105472, size 1606, distance 206, keyframe 0
[mov,mp4,m4a,3gp,3g2,mj2 @ 000002a0e6097580] AVIndex stream 0, sample 207, offset 12161f, dts 105984, size 2114, distance 207, keyframe 0
[mov,mp4,m4a,3gp,3g2,mj2 @ 000002a0e6097580] AVIndex stream 0, sample 208, offset 121e61, dts 106496, size 17764, distance 208, keyframe 0
[mov,mp4,m4a,3gp,3g2,mj2 @ 000002a0e6097580] AVIndex stream 0, sample 209, offset 1263c5, dts 107008, size 3751, distance 209, keyframe 0
[mov,mp4,m4a,3gp,3g2,mj2 @ 000002a0e6097580] AVIndex stream 0, sample 210, offset 12726c, dts 107520, size 1883, distance 210, keyframe 0
[mov,mp4,m4a,3gp,3g2,mj2 @ 000002a0e6097580] AVIndex stream 0, sample 211, offset 1279c7, dts 108032, size 2081, distance 211, keyframe 0
[mov,mp4,m4a,3gp,3g2,mj2 @ 000002a0e6097580] AVIndex stream 0, sample 212, offset 1281e8, dts 108544, size 10249, distance 212, keyframe 0
[mov,mp4,m4a,3gp,3g2,mj2 @ 000002a0e6097580] AVIndex stream 0, sample 213, offset 12a9f1, dts 109056, size 1436, distance 213, keyframe 0
[mov,mp4,m4a,3gp,3g2,mj2 @ 000002a0e6097580] AVIndex stream 0, sample 214, offset 12af8d, dts 109568, size 12855, distance 214, keyframe 0
[mov,mp4,m4a,3gp,3g2,mj2 @ 000002a0e6097580] AVIndex stream 0, sample 215, offset 12e1c4, dts 110080, size 1369, distance 215, keyframe 0
[mov,mp4,m4a,3gp,3g2,mj2 @ 000002a0e6097580] AVIndex stream 0, sample 216, offset 12e71d, dts 110592, size 10016, distance 216, keyframe 0
[mov,mp4,m4a,3gp,3g2,mj2 @ 000002a0e6097580] AVIndex stream 0, sample 217, offset 130e3d, dts 111104, size 1119, distance 217, keyframe 0
[mov,mp4,m4a,3gp,3g2,mj2 @ 000002a0e6097580] AVIndex stream 0, sample 218, offset 13129c, dts 111616, size 11793, distance 218, keyframe 0
[mov,mp4,m4a,3gp,3g2,mj2 @ 000002a0e6097580] AVIndex stream 0, sample 219, offset 1340ad, dts 112128, size 1143, distance 219, keyframe 0
[mov,mp4,m4a,3gp,3g2,mj2 @ 000002a0e6097580] AVIndex stream 0, sample 220, offset 134524, dts 112640, size 8989, distance 220, keyframe 0
[mov,mp4,m4a,3gp,3g2,mj2 @ 000002a0e6097580] AVIndex stream 0, sample 221, offset 136841, dts 113152, size 1014, distance 221, keyframe 0
[mov,mp4,m4a,3gp,3g2,mj2 @ 000002a0e6097580] AVIndex stream 0, sample 222, offset 136c37, dts 113664, size 13780, distance 222, keyframe 0
[mov,mp4,m4a,3gp,3g2,mj2 @ 000002a0e6097580] AVIndex stream 0, sample 223, offset 13a20b, dts 114176, size 3100, distance 223, keyframe 0
[mov,mp4,m4a,3gp,3g2,mj2 @ 000002a0e6097580] AVIndex stream 0, sample 224, offset 13ae27, dts 114688, size 1156, distance 224, keyframe 0
[mov,mp4,m4a,3gp,3g2,mj2 @ 000002a0e6097580] AVIndex stream 0, sample 225, offset 13b2ab, dts 115200, size 949, distance 225, keyframe 0
[mov,mp4,m4a,3gp,3g2,mj2 @ 000002a0e6097580] AVIndex stream 0, sample 226, offset 13b660, dts 115712, size 11795, distance 226, keyframe 0
[mov,mp4,m4a,3gp,3g2,mj2 @ 000002a0e6097580] AVIndex stream 0, sample 227, offset 13e473, dts 116224, size 2548, distance 227, keyframe 0
[mov,mp4,m4a,3gp,3g2,mj2 @ 000002a0e6097580] AVIndex stream 0, sample 228, offset 13ee67, dts 116736, size 1032, distance 228, keyframe 0
[mov,mp4,m4a,3gp,3g2,mj2 @ 000002a0e6097580] AVIndex stream 0, sample 229, offset 13f26f, dts 117248, size 802, distance 229, keyframe 0
[mov,mp4,m4a,3gp,3g2,mj2 @ 000002a0e6097580] AVIndex stream 0, sample 230, offset 13f591, dts 117760, size 8807, distance 230, keyframe 0
[mov,mp4,m4a,3gp,3g2,mj2 @ 000002a0e6097580] AVIndex stream 0, sample 231, offset 1417f8, dts 118272, size 1800, distance 231, keyframe 0
[mov,mp4,m4a,3gp,3g2,mj2 @ 000002a0e6097580] AVIndex stream 0, sample 232, offset 141f00, dts 118784, size 759, distance 232, keyframe 0
[mov,mp4,m4a,3gp,3g2,mj2 @ 000002a0e6097580] AVIndex stream 0, sample 233, offset 1421f7, dts 119296, size 690, distance 233, keyframe 0
[mov,mp4,m4a,3gp,3g2,mj2 @ 000002a0e6097580] AVIndex stream 0, sample 234, offset 1424a9, dts 119808, size 4879, distance 234, keyframe 0
[mov,mp4,m4a,3gp,3g2,mj2 @ 000002a0e6097580] AVIndex stream 0, sample 235, offset 1437b8, dts 120320, size 1780, distance 235, keyframe 0
[mov,mp4,m4a,3gp,3g2,mj2 @ 000002a0e6097580] AVIndex stream 0, sample 236, offset 143eac, dts 120832, size 667, distance 236, keyframe 0
[mov,mp4,m4a,3gp,3g2,mj2 @ 000002a0e6097580] AVIndex stream 0, sample 237, offset 144147, dts 121344, size 736, distance 237, keyframe 0
[mov,mp4,m4a,3gp,3g2,mj2 @ 000002a0e6097580] AVIndex stream 0, sample 238, offset 144427, dts 121856, size 2239, distance 238, keyframe 0
[mov,mp4,m4a,3gp,3g2,mj2 @ 000002a0e6097580] AVIndex stream 0, sample 239, offset 144ce6, dts 122368, size 1251, distance 239, keyframe 0
[mov,mp4,m4a,3gp,3g2,mj2 @ 000002a0e6097580] AVIndex stream 0, sample 240, offset 1451c9, dts 122880, size 758, distance 240, keyframe 0
[mov,mp4,m4a,3gp,3g2,mj2 @ 000002a0e6097580] Processing st: 0, edit list 0 - media time: 1024, duration: 123396
[mov,mp4,m4a,3gp,3g2,mj2 @ 000002a0e6097580] stts: 0 ctts: 1024, tts_index: 0, tts_count: 241
[mov,mp4,m4a,3gp,3g2,mj2 @ 000002a0e6097580] stts: 512 ctts: 1024, tts_index: 1, tts_count: 241
[mov,mp4,m4a,3gp,3g2,mj2 @ 000002a0e6097580] stts: 1024 ctts: 1536, tts_index: 2, tts_count: 241
[mov,mp4,m4a,3gp,3g2,mj2 @ 000002a0e6097580] stts: 1536 ctts: 512, tts_index: 3, tts_count: 241
[mov,mp4,m4a,3gp,3g2,mj2 @ 000002a0e6097580] stts: 2048 ctts: 2560, tts_index: 4, tts_count: 241
[mov,mp4,m4a,3gp,3g2,mj2 @ 000002a0e6097580] stts: 2560 ctts: 1024, tts_index: 5, tts_count: 241
[mov,mp4,m4a,3gp,3g2,mj2 @ 000002a0e6097580] stts: 3072 ctts: 0, tts_index: 6, tts_count: 241
[mov,mp4,m4a,3gp,3g2,mj2 @ 000002a0e6097580] stts: 3584 ctts: 512, tts_index: 7, tts_count: 241
[mov,mp4,m4a,3gp,3g2,mj2 @ 000002a0e6097580] stts: 4096 ctts: 2560, tts_index: 8, tts_count: 241
[mov,mp4,m4a,3gp,3g2,mj2 @ 000002a0e6097580] stts: 4608 ctts: 1024, tts_index: 9, tts_count: 241
[mov,mp4,m4a,3gp,3g2,mj2 @ 000002a0e6097580] stts: 5120 ctts: 0, tts_index: 10, tts_count: 241
[mov,mp4,m4a,3gp,3g2,mj2 @ 000002a0e6097580] stts: 5632 ctts: 512, tts_index: 11, tts_count: 241
[mov,mp4,m4a,3gp,3g2,mj2 @ 000002a0e6097580] stts: 6144 ctts: 2560, tts_index: 12, tts_count: 241
[mov,mp4,m4a,3gp,3g2,mj2 @ 000002a0e6097580] stts: 6656 ctts: 1024, tts_index: 13, tts_count: 241
[mov,mp4,m4a,3gp,3g2,mj2 @ 000002a0e6097580] stts: 7168 ctts: 0, tts_index: 14, tts_count: 241
[mov,mp4,m4a,3gp,3g2,mj2 @ 000002a0e6097580] stts: 7680 ctts: 512, tts_index: 15, tts_count: 241
[mov,mp4,m4a,3gp,3g2,mj2 @ 000002a0e6097580] stts: 8192 ctts: 2560, tts_index: 16, tts_count: 241
[mov,mp4,m4a,3gp,3g2,mj2 @ 000002a0e6097580] stts: 8704 ctts: 1024, tts_index: 17, tts_count: 241
[mov,mp4,m4a,3gp,3g2,mj2 @ 000002a0e6097580] stts: 9216 ctts: 0, tts_index: 18, tts_count: 241
[mov,mp4,m4a,3gp,3g2,mj2 @ 000002a0e6097580] stts: 9728 ctts: 512, tts_index: 19, tts_count: 241
[mov,mp4,m4a,3gp,3g2,mj2 @ 000002a0e6097580] stts: 10240 ctts: 1536, tts_index: 20, tts_count: 241
[mov,mp4,m4a,3gp,3g2,mj2 @ 000002a0e6097580] stts: 10752 ctts: 512, tts_index: 21, tts_count: 241
[mov,mp4,m4a,3gp,3g2,mj2 @ 000002a0e6097580] stts: 11264 ctts: 2560, tts_index: 22, tts_count: 241
[mov,mp4,m4a,3gp,3g2,mj2 @ 000002a0e6097580] stts: 11776 ctts: 1024, tts_index: 23, tts_count: 241
[mov,mp4,m4a,3gp,3g2,mj2 @ 000002a0e6097580] stts: 12288 ctts: 0, tts_index: 24, tts_count: 241
[mov,mp4,m4a,3gp,3g2,mj2 @ 000002a0e6097580] stts: 12800 ctts: 512, tts_index: 25, tts_count: 241
[mov,mp4,m4a,3gp,3g2,mj2 @ 000002a0e6097580] stts: 13312 ctts: 1536, tts_index: 26, tts_count: 241
[mov,mp4,m4a,3gp,3g2,mj2 @ 000002a0e6097580] stts: 13824 ctts: 512, tts_index: 27, tts_count: 241
[mov,mp4,m4a,3gp,3g2,mj2 @ 000002a0e6097580] stts: 14336 ctts: 2560, tts_index: 28, tts_count: 241
[mov,mp4,m4a,3gp,3g2,mj2 @ 000002a0e6097580] stts: 14848 ctts: 1024, tts_index: 29, tts_count: 241
[mov,mp4,m4a,3gp,3g2,mj2 @ 000002a0e6097580] stts: 15360 ctts: 0, tts_index: 30, tts_count: 241
[mov,mp4,m4a,3gp,3g2,mj2 @ 000002a0e6097580] stts: 15872 ctts: 512, tts_index: 31, tts_count: 241
[mov,mp4,m4a,3gp,3g2,mj2 @ 000002a0e6097580] stts: 16384 ctts: 2560, tts_index: 32, tts_count: 241
[mov,mp4,m4a,3gp,3g2,mj2 @ 000002a0e6097580] stts: 16896 ctts: 1024, tts_index: 33, tts_count: 241
[mov,mp4,m4a,3gp,3g2,mj2 @ 000002a0e6097580] stts: 17408 ctts: 0, tts_index: 34, tts_count: 241
[mov,mp4,m4a,3gp,3g2,mj2 @ 000002a0e6097580] stts: 17920 ctts: 512, tts_index: 35, tts_count: 241
[mov,mp4,m4a,3gp,3g2,mj2 @ 000002a0e6097580] stts: 18432 ctts: 2560, tts_index: 36, tts_count: 241
[mov,mp4,m4a,3gp,3g2,mj2 @ 000002a0e6097580] stts: 18944 ctts: 1024, tts_index: 37, tts_count: 241
[mov,mp4,m4a,3gp,3g2,mj2 @ 000002a0e6097580] stts: 19456 ctts: 0, tts_index: 38, tts_count: 241
[mov,mp4,m4a,3gp,3g2,mj2 @ 000002a0e6097580] stts: 19968 ctts: 512, tts_index: 39, tts_count: 241
[mov,mp4,m4a,3gp,3g2,mj2 @ 000002a0e6097580] stts: 20480 ctts: 2560, tts_index: 40, tts_count: 241
[mov,mp4,m4a,3gp,3g2,mj2 @ 000002a0e6097580] stts: 20992 ctts: 1024, tts_index: 41, tts_count: 241
[mov,mp4,m4a,3gp,3g2,mj2 @ 000002a0e6097580] stts: 21504 ctts: 0, tts_index: 42, tts_count: 241
[mov,mp4,m4a,3gp,3g2,mj2 @ 000002a0e6097580] stts: 22016 ctts: 512, tts_index: 43, tts_count: 241
[mov,mp4,m4a,3gp,3g2,mj2 @ 000002a0e6097580] stts: 22528 ctts: 2560, tts_index: 44, tts_count: 241
[mov,mp4,m4a,3gp,3g2,mj2 @ 000002a0e6097580] stts: 23040 ctts: 1024, tts_index: 45, tts_count: 241
[mov,mp4,m4a,3gp,3g2,mj2 @ 000002a0e6097580] stts: 23552 ctts: 0, tts_index: 46, tts_count: 241
[mov,mp4,m4a,3gp,3g2,mj2 @ 000002a0e6097580] stts: 24064 ctts: 512, tts_index: 47, tts_count: 241
[mov,mp4,m4a,3gp,3g2,mj2 @ 000002a0e6097580] stts: 24576 ctts: 2560, tts_index: 48, tts_count: 241
[mov,mp4,m4a,3gp,3g2,mj2 @ 000002a0e6097580] stts: 25088 ctts: 1024, tts_index: 49, tts_count: 241
[mov,mp4,m4a,3gp,3g2,mj2 @ 000002a0e6097580] stts: 25600 ctts: 0, tts_index: 50, tts_count: 241
[mov,mp4,m4a,3gp,3g2,mj2 @ 000002a0e6097580] stts: 26112 ctts: 512, tts_index: 51, tts_count: 241
[mov,mp4,m4a,3gp,3g2,mj2 @ 000002a0e6097580] stts: 26624 ctts: 2560, tts_index: 52, tts_count: 241
[mov,mp4,m4a,3gp,3g2,mj2 @ 000002a0e6097580] stts: 27136 ctts: 1024, tts_index: 53, tts_count: 241
[mov,mp4,m4a,3gp,3g2,mj2 @ 000002a0e6097580] stts: 27648 ctts: 0, tts_index: 54, tts_count: 241
[mov,mp4,m4a,3gp,3g2,mj2 @ 000002a0e6097580] stts: 28160 ctts: 512, tts_index: 55, tts_count: 241
[mov,mp4,m4a,3gp,3g2,mj2 @ 000002a0e6097580] stts: 28672 ctts: 2560, tts_index: 56, tts_count: 241
[mov,mp4,m4a,3gp,3g2,mj2 @ 000002a0e6097580] stts: 29184 ctts: 1024, tts_index: 57, tts_count: 241
[mov,mp4,m4a,3gp,3g2,mj2 @ 000002a0e6097580] stts: 29696 ctts: 0, tts_index: 58, tts_count: 241
[mov,mp4,m4a,3gp,3g2,mj2 @ 000002a0e6097580] stts: 30208 ctts: 512, tts_index: 59, tts_count: 241
[mov,mp4,m4a,3gp,3g2,mj2 @ 000002a0e6097580] stts: 30720 ctts: 2560, tts_index: 60, tts_count: 241
[mov,mp4,m4a,3gp,3g2,mj2 @ 000002a0e6097580] stts: 31232 ctts: 1024, tts_index: 61, tts_count: 241
[mov,mp4,m4a,3gp,3g2,mj2 @ 000002a0e6097580] stts: 31744 ctts: 0, tts_index: 62, tts_count: 241
[mov,mp4,m4a,3gp,3g2,mj2 @ 000002a0e6097580] stts: 32256 ctts: 512, tts_index: 63, tts_count: 241
[mov,mp4,m4a,3gp,3g2,mj2 @ 000002a0e6097580] stts: 32768 ctts: 2560, tts_index: 64, tts_count: 241
[mov,mp4,m4a,3gp,3g2,mj2 @ 000002a0e6097580] stts: 33280 ctts: 1024, tts_index: 65, tts_count: 241
[mov,mp4,m4a,3gp,3g2,mj2 @ 000002a0e6097580] stts: 33792 ctts: 0, tts_index: 66, tts_count: 241
[mov,mp4,m4a,3gp,3g2,mj2 @ 000002a0e6097580] stts: 34304 ctts: 512, tts_index: 67, tts_count: 241
[mov,mp4,m4a,3gp,3g2,mj2 @ 000002a0e6097580] stts: 34816 ctts: 2560, tts_index: 68, tts_count: 241
[mov,mp4,m4a,3gp,3g2,mj2 @ 000002a0e6097580] stts: 35328 ctts: 1024, tts_index: 69, tts_count: 241
[mov,mp4,m4a,3gp,3g2,mj2 @ 000002a0e6097580] stts: 35840 ctts: 0, tts_index: 70, tts_count: 241
[mov,mp4,m4a,3gp,3g2,mj2 @ 000002a0e6097580] stts: 36352 ctts: 512, tts_index: 71, tts_count: 241
[mov,mp4,m4a,3gp,3g2,mj2 @ 000002a0e6097580] stts: 36864 ctts: 2560, tts_index: 72, tts_count: 241
[mov,mp4,m4a,3gp,3g2,mj2 @ 000002a0e6097580] stts: 37376 ctts: 1024, tts_index: 73, tts_count: 241
[mov,mp4,m4a,3gp,3g2,mj2 @ 000002a0e6097580] stts: 37888 ctts: 0, tts_index: 74, tts_count: 241
[mov,mp4,m4a,3gp,3g2,mj2 @ 000002a0e6097580] stts: 38400 ctts: 512, tts_index: 75, tts_count: 241
[mov,mp4,m4a,3gp,3g2,mj2 @ 000002a0e6097580] stts: 38912 ctts: 2560, tts_index: 76, tts_count: 241
[mov,mp4,m4a,3gp,3g2,mj2 @ 000002a0e6097580] stts: 39424 ctts: 1024, tts_index: 77, tts_count: 241
[mov,mp4,m4a,3gp,3g2,mj2 @ 000002a0e6097580] stts: 39936 ctts: 0, tts_index: 78, tts_count: 241
[mov,mp4,m4a,3gp,3g2,mj2 @ 000002a0e6097580] stts: 40448 ctts: 512, tts_index: 79, tts_count: 241
[mov,mp4,m4a,3gp,3g2,mj2 @ 000002a0e6097580] stts: 40960 ctts: 2560, tts_index: 80, tts_count: 241
[mov,mp4,m4a,3gp,3g2,mj2 @ 000002a0e6097580] stts: 41472 ctts: 1024, tts_index: 81, tts_count: 241
[mov,mp4,m4a,3gp,3g2,mj2 @ 000002a0e6097580] stts: 41984 ctts: 0, tts_index: 82, tts_count: 241
[mov,mp4,m4a,3gp,3g2,mj2 @ 000002a0e6097580] stts: 42496 ctts: 512, tts_index: 83, tts_count: 241
[mov,mp4,m4a,3gp,3g2,mj2 @ 000002a0e6097580] stts: 43008 ctts: 2560, tts_index: 84, tts_count: 241
[mov,mp4,m4a,3gp,3g2,mj2 @ 000002a0e6097580] stts: 43520 ctts: 1024, tts_index: 85, tts_count: 241
[mov,mp4,m4a,3gp,3g2,mj2 @ 000002a0e6097580] stts: 44032 ctts: 0, tts_index: 86, tts_count: 241
[mov,mp4,m4a,3gp,3g2,mj2 @ 000002a0e6097580] stts: 44544 ctts: 512, tts_index: 87, tts_count: 241
[mov,mp4,m4a,3gp,3g2,mj2 @ 000002a0e6097580] stts: 45056 ctts: 2560, tts_index: 88, tts_count: 241
[mov,mp4,m4a,3gp,3g2,mj2 @ 000002a0e6097580] stts: 45568 ctts: 1024, tts_index: 89, tts_count: 241
[mov,mp4,m4a,3gp,3g2,mj2 @ 000002a0e6097580] stts: 46080 ctts: 0, tts_index: 90, tts_count: 241
[mov,mp4,m4a,3gp,3g2,mj2 @ 000002a0e6097580] stts: 46592 ctts: 512, tts_index: 91, tts_count: 241
[mov,mp4,m4a,3gp,3g2,mj2 @ 000002a0e6097580] stts: 47104 ctts: 2560, tts_index: 92, tts_count: 241
[mov,mp4,m4a,3gp,3g2,mj2 @ 000002a0e6097580] stts: 47616 ctts: 1024, tts_index: 93, tts_count: 241
[mov,mp4,m4a,3gp,3g2,mj2 @ 000002a0e6097580] stts: 48128 ctts: 0, tts_index: 94, tts_count: 241
[mov,mp4,m4a,3gp,3g2,mj2 @ 000002a0e6097580] stts: 48640 ctts: 512, tts_index: 95, tts_count: 241
[mov,mp4,m4a,3gp,3g2,mj2 @ 000002a0e6097580] stts: 49152 ctts: 2560, tts_index: 96, tts_count: 241
[mov,mp4,m4a,3gp,3g2,mj2 @ 000002a0e6097580] stts: 49664 ctts: 1024, tts_index: 97, tts_count: 241
[mov,mp4,m4a,3gp,3g2,mj2 @ 000002a0e6097580] stts: 50176 ctts: 0, tts_index: 98, tts_count: 241
[mov,mp4,m4a,3gp,3g2,mj2 @ 000002a0e6097580] stts: 50688 ctts: 512, tts_index: 99, tts_count: 241
[mov,mp4,m4a,3gp,3g2,mj2 @ 000002a0e6097580] stts: 51200 ctts: 2560, tts_index: 100, tts_count: 241
[mov,mp4,m4a,3gp,3g2,mj2 @ 000002a0e6097580] stts: 51712 ctts: 1024, tts_index: 101, tts_count: 241
[mov,mp4,m4a,3gp,3g2,mj2 @ 000002a0e6097580] stts: 52224 ctts: 0, tts_index: 102, tts_count: 241
[mov,mp4,m4a,3gp,3g2,mj2 @ 000002a0e6097580] stts: 52736 ctts: 512, tts_index: 103, tts_count: 241
[mov,mp4,m4a,3gp,3g2,mj2 @ 000002a0e6097580] stts: 53248 ctts: 2560, tts_index: 104, tts_count: 241
[mov,mp4,m4a,3gp,3g2,mj2 @ 000002a0e6097580] stts: 53760 ctts: 1024, tts_index: 105, tts_count: 241
[mov,mp4,m4a,3gp,3g2,mj2 @ 000002a0e6097580] stts: 54272 ctts: 0, tts_index: 106, tts_count: 241
[mov,mp4,m4a,3gp,3g2,mj2 @ 000002a0e6097580] stts: 54784 ctts: 512, tts_index: 107, tts_count: 241
[mov,mp4,m4a,3gp,3g2,mj2 @ 000002a0e6097580] stts: 55296 ctts: 2560, tts_index: 108, tts_count: 241
[mov,mp4,m4a,3gp,3g2,mj2 @ 000002a0e6097580] stts: 55808 ctts: 1024, tts_index: 109, tts_count: 241
[mov,mp4,m4a,3gp,3g2,mj2 @ 000002a0e6097580] stts: 56320 ctts: 0, tts_index: 110, tts_count: 241
[mov,mp4,m4a,3gp,3g2,mj2 @ 000002a0e6097580] stts: 56832 ctts: 512, tts_index: 111, tts_count: 241
[mov,mp4,m4a,3gp,3g2,mj2 @ 000002a0e6097580] stts: 57344 ctts: 2560, tts_index: 112, tts_count: 241
[mov,mp4,m4a,3gp,3g2,mj2 @ 000002a0e6097580] stts: 57856 ctts: 1024, tts_index: 113, tts_count: 241
[mov,mp4,m4a,3gp,3g2,mj2 @ 000002a0e6097580] stts: 58368 ctts: 0, tts_index: 114, tts_count: 241
[mov,mp4,m4a,3gp,3g2,mj2 @ 000002a0e6097580] stts: 58880 ctts: 512, tts_index: 115, tts_count: 241
[mov,mp4,m4a,3gp,3g2,mj2 @ 000002a0e6097580] stts: 59392 ctts: 2560, tts_index: 116, tts_count: 241
[mov,mp4,m4a,3gp,3g2,mj2 @ 000002a0e6097580] stts: 59904 ctts: 1024, tts_index: 117, tts_count: 241
[mov,mp4,m4a,3gp,3g2,mj2 @ 000002a0e6097580] stts: 60416 ctts: 0, tts_index: 118, tts_count: 241
[mov,mp4,m4a,3gp,3g2,mj2 @ 000002a0e6097580] stts: 60928 ctts: 512, tts_index: 119, tts_count: 241
[mov,mp4,m4a,3gp,3g2,mj2 @ 000002a0e6097580] stts: 61440 ctts: 2560, tts_index: 120, tts_count: 241
[mov,mp4,m4a,3gp,3g2,mj2 @ 000002a0e6097580] stts: 61952 ctts: 1024, tts_index: 121, tts_count: 241
[mov,mp4,m4a,3gp,3g2,mj2 @ 000002a0e6097580] stts: 62464 ctts: 0, tts_index: 122, tts_count: 241
[mov,mp4,m4a,3gp,3g2,mj2 @ 000002a0e6097580] stts: 62976 ctts: 512, tts_index: 123, tts_count: 241
[mov,mp4,m4a,3gp,3g2,mj2 @ 000002a0e6097580] stts: 63488 ctts: 2560, tts_index: 124, tts_count: 241
[mov,mp4,m4a,3gp,3g2,mj2 @ 000002a0e6097580] stts: 64000 ctts: 1024, tts_index: 125, tts_count: 241
[mov,mp4,m4a,3gp,3g2,mj2 @ 000002a0e6097580] stts: 64512 ctts: 0, tts_index: 126, tts_count: 241
[mov,mp4,m4a,3gp,3g2,mj2 @ 000002a0e6097580] stts: 65024 ctts: 512, tts_index: 127, tts_count: 241
[mov,mp4,m4a,3gp,3g2,mj2 @ 000002a0e6097580] stts: 65536 ctts: 1536, tts_index: 128, tts_count: 241
[mov,mp4,m4a,3gp,3g2,mj2 @ 000002a0e6097580] stts: 66048 ctts: 512, tts_index: 129, tts_count: 241
[mov,mp4,m4a,3gp,3g2,mj2 @ 000002a0e6097580] stts: 66560 ctts: 2560, tts_index: 130, tts_count: 241
[mov,mp4,m4a,3gp,3g2,mj2 @ 000002a0e6097580] stts: 67072 ctts: 1024, tts_index: 131, tts_count: 241
[mov,mp4,m4a,3gp,3g2,mj2 @ 000002a0e6097580] stts: 67584 ctts: 0, tts_index: 132, tts_count: 241
[mov,mp4,m4a,3gp,3g2,mj2 @ 000002a0e6097580] stts: 68096 ctts: 512, tts_index: 133, tts_count: 241
[mov,mp4,m4a,3gp,3g2,mj2 @ 000002a0e6097580] stts: 68608 ctts: 2560, tts_index: 134, tts_count: 241
[mov,mp4,m4a,3gp,3g2,mj2 @ 000002a0e6097580] stts: 69120 ctts: 1024, tts_index: 135, tts_count: 241
[mov,mp4,m4a,3gp,3g2,mj2 @ 000002a0e6097580] stts: 69632 ctts: 0, tts_index: 136, tts_count: 241
[mov,mp4,m4a,3gp,3g2,mj2 @ 000002a0e6097580] stts: 70144 ctts: 512, tts_index: 137, tts_count: 241
[mov,mp4,m4a,3gp,3g2,mj2 @ 000002a0e6097580] stts: 70656 ctts: 1536, tts_index: 138, tts_count: 241
[mov,mp4,m4a,3gp,3g2,mj2 @ 000002a0e6097580] stts: 71168 ctts: 512, tts_index: 139, tts_count: 241
[mov,mp4,m4a,3gp,3g2,mj2 @ 000002a0e6097580] stts: 71680 ctts: 1536, tts_index: 140, tts_count: 241
[mov,mp4,m4a,3gp,3g2,mj2 @ 000002a0e6097580] stts: 72192 ctts: 512, tts_index: 141, tts_count: 241
[mov,mp4,m4a,3gp,3g2,mj2 @ 000002a0e6097580] stts: 72704 ctts: 2560, tts_index: 142, tts_count: 241
[mov,mp4,m4a,3gp,3g2,mj2 @ 000002a0e6097580] stts: 73216 ctts: 1024, tts_index: 143, tts_count: 241
[mov,mp4,m4a,3gp,3g2,mj2 @ 000002a0e6097580] stts: 73728 ctts: 0, tts_index: 144, tts_count: 241
[mov,mp4,m4a,3gp,3g2,mj2 @ 000002a0e6097580] stts: 74240 ctts: 512, tts_index: 145, tts_count: 241
[mov,mp4,m4a,3gp,3g2,mj2 @ 000002a0e6097580] stts: 74752 ctts: 2560, tts_index: 146, tts_count: 241
[mov,mp4,m4a,3gp,3g2,mj2 @ 000002a0e6097580] stts: 75264 ctts: 1024, tts_index: 147, tts_count: 241
[mov,mp4,m4a,3gp,3g2,mj2 @ 000002a0e6097580] stts: 75776 ctts: 0, tts_index: 148, tts_count: 241
[mov,mp4,m4a,3gp,3g2,mj2 @ 000002a0e6097580] stts: 76288 ctts: 512, tts_index: 149, tts_count: 241
[mov,mp4,m4a,3gp,3g2,mj2 @ 000002a0e6097580] stts: 76800 ctts: 2560, tts_index: 150, tts_count: 241
[mov,mp4,m4a,3gp,3g2,mj2 @ 000002a0e6097580] stts: 77312 ctts: 1024, tts_index: 151, tts_count: 241
[mov,mp4,m4a,3gp,3g2,mj2 @ 000002a0e6097580] stts: 77824 ctts: 0, tts_index: 152, tts_count: 241
[mov,mp4,m4a,3gp,3g2,mj2 @ 000002a0e6097580] stts: 78336 ctts: 512, tts_index: 153, tts_count: 241
[mov,mp4,m4a,3gp,3g2,mj2 @ 000002a0e6097580] stts: 78848 ctts: 2560, tts_index: 154, tts_count: 241
[mov,mp4,m4a,3gp,3g2,mj2 @ 000002a0e6097580] stts: 79360 ctts: 1024, tts_index: 155, tts_count: 241
[mov,mp4,m4a,3gp,3g2,mj2 @ 000002a0e6097580] stts: 79872 ctts: 0, tts_index: 156, tts_count: 241
[mov,mp4,m4a,3gp,3g2,mj2 @ 000002a0e6097580] stts: 80384 ctts: 512, tts_index: 157, tts_count: 241
[mov,mp4,m4a,3gp,3g2,mj2 @ 000002a0e6097580] stts: 80896 ctts: 2560, tts_index: 158, tts_count: 241
[mov,mp4,m4a,3gp,3g2,mj2 @ 000002a0e6097580] stts: 81408 ctts: 1024, tts_index: 159, tts_count: 241
[mov,mp4,m4a,3gp,3g2,mj2 @ 000002a0e6097580] stts: 81920 ctts: 0, tts_index: 160, tts_count: 241
[mov,mp4,m4a,3gp,3g2,mj2 @ 000002a0e6097580] stts: 82432 ctts: 512, tts_index: 161, tts_count: 241
[mov,mp4,m4a,3gp,3g2,mj2 @ 000002a0e6097580] stts: 82944 ctts: 2560, tts_index: 162, tts_count: 241
[mov,mp4,m4a,3gp,3g2,mj2 @ 000002a0e6097580] stts: 83456 ctts: 1024, tts_index: 163, tts_count: 241
[mov,mp4,m4a,3gp,3g2,mj2 @ 000002a0e6097580] stts: 83968 ctts: 0, tts_index: 164, tts_count: 241
[mov,mp4,m4a,3gp,3g2,mj2 @ 000002a0e6097580] stts: 84480 ctts: 512, tts_index: 165, tts_count: 241
[mov,mp4,m4a,3gp,3g2,mj2 @ 000002a0e6097580] stts: 84992 ctts: 2560, tts_index: 166, tts_count: 241
[mov,mp4,m4a,3gp,3g2,mj2 @ 000002a0e6097580] stts: 85504 ctts: 1024, tts_index: 167, tts_count: 241
[mov,mp4,m4a,3gp,3g2,mj2 @ 000002a0e6097580] stts: 86016 ctts: 0, tts_index: 168, tts_count: 241
[mov,mp4,m4a,3gp,3g2,mj2 @ 000002a0e6097580] stts: 86528 ctts: 512, tts_index: 169, tts_count: 241
[mov,mp4,m4a,3gp,3g2,mj2 @ 000002a0e6097580] stts: 87040 ctts: 2560, tts_index: 170, tts_count: 241
[mov,mp4,m4a,3gp,3g2,mj2 @ 000002a0e6097580] stts: 87552 ctts: 1024, tts_index: 171, tts_count: 241
[mov,mp4,m4a,3gp,3g2,mj2 @ 000002a0e6097580] stts: 88064 ctts: 0, tts_index: 172, tts_count: 241
[mov,mp4,m4a,3gp,3g2,mj2 @ 000002a0e6097580] stts: 88576 ctts: 512, tts_index: 173, tts_count: 241
[mov,mp4,m4a,3gp,3g2,mj2 @ 000002a0e6097580] stts: 89088 ctts: 2560, tts_index: 174, tts_count: 241
[mov,mp4,m4a,3gp,3g2,mj2 @ 000002a0e6097580] stts: 89600 ctts: 1024, tts_index: 175, tts_count: 241
[mov,mp4,m4a,3gp,3g2,mj2 @ 000002a0e6097580] stts: 90112 ctts: 0, tts_index: 176, tts_count: 241
[mov,mp4,m4a,3gp,3g2,mj2 @ 000002a0e6097580] stts: 90624 ctts: 512, tts_index: 177, tts_count: 241
[mov,mp4,m4a,3gp,3g2,mj2 @ 000002a0e6097580] stts: 91136 ctts: 2560, tts_index: 178, tts_count: 241
[mov,mp4,m4a,3gp,3g2,mj2 @ 000002a0e6097580] stts: 91648 ctts: 1024, tts_index: 179, tts_count: 241
[mov,mp4,m4a,3gp,3g2,mj2 @ 000002a0e6097580] stts: 92160 ctts: 0, tts_index: 180, tts_count: 241
[mov,mp4,m4a,3gp,3g2,mj2 @ 000002a0e6097580] stts: 92672 ctts: 512, tts_index: 181, tts_count: 241
[mov,mp4,m4a,3gp,3g2,mj2 @ 000002a0e6097580] stts: 93184 ctts: 2560, tts_index: 182, tts_count: 241
[mov,mp4,m4a,3gp,3g2,mj2 @ 000002a0e6097580] stts: 93696 ctts: 1024, tts_index: 183, tts_count: 241
[mov,mp4,m4a,3gp,3g2,mj2 @ 000002a0e6097580] stts: 94208 ctts: 0, tts_index: 184, tts_count: 241
[mov,mp4,m4a,3gp,3g2,mj2 @ 000002a0e6097580] stts: 94720 ctts: 512, tts_index: 185, tts_count: 241
[mov,mp4,m4a,3gp,3g2,mj2 @ 000002a0e6097580] stts: 95232 ctts: 2560, tts_index: 186, tts_count: 241
[mov,mp4,m4a,3gp,3g2,mj2 @ 000002a0e6097580] stts: 95744 ctts: 1024, tts_index: 187, tts_count: 241
[mov,mp4,m4a,3gp,3g2,mj2 @ 000002a0e6097580] stts: 96256 ctts: 0, tts_index: 188, tts_count: 241
[mov,mp4,m4a,3gp,3g2,mj2 @ 000002a0e6097580] stts: 96768 ctts: 512, tts_index: 189, tts_count: 241
[mov,mp4,m4a,3gp,3g2,mj2 @ 000002a0e6097580] stts: 97280 ctts: 2560, tts_index: 190, tts_count: 241
[mov,mp4,m4a,3gp,3g2,mj2 @ 000002a0e6097580] stts: 97792 ctts: 1024, tts_index: 191, tts_count: 241
[mov,mp4,m4a,3gp,3g2,mj2 @ 000002a0e6097580] stts: 98304 ctts: 0, tts_index: 192, tts_count: 241
[mov,mp4,m4a,3gp,3g2,mj2 @ 000002a0e6097580] stts: 98816 ctts: 512, tts_index: 193, tts_count: 241
[mov,mp4,m4a,3gp,3g2,mj2 @ 000002a0e6097580] stts: 99328 ctts: 2560, tts_index: 194, tts_count: 241
[mov,mp4,m4a,3gp,3g2,mj2 @ 000002a0e6097580] stts: 99840 ctts: 1024, tts_index: 195, tts_count: 241
[mov,mp4,m4a,3gp,3g2,mj2 @ 000002a0e6097580] stts: 100352 ctts: 0, tts_index: 196, tts_count: 241
[mov,mp4,m4a,3gp,3g2,mj2 @ 000002a0e6097580] stts: 100864 ctts: 512, tts_index: 197, tts_count: 241
[mov,mp4,m4a,3gp,3g2,mj2 @ 000002a0e6097580] stts: 101376 ctts: 1536, tts_index: 198, tts_count: 241
[mov,mp4,m4a,3gp,3g2,mj2 @ 000002a0e6097580] stts: 101888 ctts: 512, tts_index: 199, tts_count: 241
[mov,mp4,m4a,3gp,3g2,mj2 @ 000002a0e6097580] stts: 102400 ctts: 2560, tts_index: 200, tts_count: 241
[mov,mp4,m4a,3gp,3g2,mj2 @ 000002a0e6097580] stts: 102912 ctts: 1024, tts_index: 201, tts_count: 241
[mov,mp4,m4a,3gp,3g2,mj2 @ 000002a0e6097580] stts: 103424 ctts: 0, tts_index: 202, tts_count: 241
[mov,mp4,m4a,3gp,3g2,mj2 @ 000002a0e6097580] stts: 103936 ctts: 512, tts_index: 203, tts_count: 241
[mov,mp4,m4a,3gp,3g2,mj2 @ 000002a0e6097580] stts: 104448 ctts: 2560, tts_index: 204, tts_count: 241
[mov,mp4,m4a,3gp,3g2,mj2 @ 000002a0e6097580] stts: 104960 ctts: 1024, tts_index: 205, tts_count: 241
[mov,mp4,m4a,3gp,3g2,mj2 @ 000002a0e6097580] stts: 105472 ctts: 0, tts_index: 206, tts_count: 241
[mov,mp4,m4a,3gp,3g2,mj2 @ 000002a0e6097580] stts: 105984 ctts: 512, tts_index: 207, tts_count: 241
[mov,mp4,m4a,3gp,3g2,mj2 @ 000002a0e6097580] stts: 106496 ctts: 2560, tts_index: 208, tts_count: 241
[mov,mp4,m4a,3gp,3g2,mj2 @ 000002a0e6097580] stts: 107008 ctts: 1024, tts_index: 209, tts_count: 241
[mov,mp4,m4a,3gp,3g2,mj2 @ 000002a0e6097580] stts: 107520 ctts: 0, tts_index: 210, tts_count: 241
[mov,mp4,m4a,3gp,3g2,mj2 @ 000002a0e6097580] stts: 108032 ctts: 512, tts_index: 211, tts_count: 241
[mov,mp4,m4a,3gp,3g2,mj2 @ 000002a0e6097580] stts: 108544 ctts: 1536, tts_index: 212, tts_count: 241
[mov,mp4,m4a,3gp,3g2,mj2 @ 000002a0e6097580] stts: 109056 ctts: 512, tts_index: 213, tts_count: 241
[mov,mp4,m4a,3gp,3g2,mj2 @ 000002a0e6097580] stts: 109568 ctts: 1536, tts_index: 214, tts_count: 241
[mov,mp4,m4a,3gp,3g2,mj2 @ 000002a0e6097580] stts: 110080 ctts: 512, tts_index: 215, tts_count: 241
[mov,mp4,m4a,3gp,3g2,mj2 @ 000002a0e6097580] stts: 110592 ctts: 1536, tts_index: 216, tts_count: 241
[mov,mp4,m4a,3gp,3g2,mj2 @ 000002a0e6097580] stts: 111104 ctts: 512, tts_index: 217, tts_count: 241
[mov,mp4,m4a,3gp,3g2,mj2 @ 000002a0e6097580] stts: 111616 ctts: 1536, tts_index: 218, tts_count: 241
[mov,mp4,m4a,3gp,3g2,mj2 @ 000002a0e6097580] stts: 112128 ctts: 512, tts_index: 219, tts_count: 241
[mov,mp4,m4a,3gp,3g2,mj2 @ 000002a0e6097580] stts: 112640 ctts: 1536, tts_index: 220, tts_count: 241
[mov,mp4,m4a,3gp,3g2,mj2 @ 000002a0e6097580] stts: 113152 ctts: 512, tts_index: 221, tts_count: 241
[mov,mp4,m4a,3gp,3g2,mj2 @ 000002a0e6097580] stts: 113664 ctts: 2560, tts_index: 222, tts_count: 241
[mov,mp4,m4a,3gp,3g2,mj2 @ 000002a0e6097580] stts: 114176 ctts: 1024, tts_index: 223, tts_count: 241
[mov,mp4,m4a,3gp,3g2,mj2 @ 000002a0e6097580] stts: 114688 ctts: 0, tts_index: 224, tts_count: 241
[mov,mp4,m4a,3gp,3g2,mj2 @ 000002a0e6097580] stts: 115200 ctts: 512, tts_index: 225, tts_count: 241
[mov,mp4,m4a,3gp,3g2,mj2 @ 000002a0e6097580] stts: 115712 ctts: 2560, tts_index: 226, tts_count: 241
[mov,mp4,m4a,3gp,3g2,mj2 @ 000002a0e6097580] stts: 116224 ctts: 1024, tts_index: 227, tts_count: 241
[mov,mp4,m4a,3gp,3g2,mj2 @ 000002a0e6097580] stts: 116736 ctts: 0, tts_index: 228, tts_count: 241
[mov,mp4,m4a,3gp,3g2,mj2 @ 000002a0e6097580] stts: 117248 ctts: 512, tts_index: 229, tts_count: 241
[mov,mp4,m4a,3gp,3g2,mj2 @ 000002a0e6097580] stts: 117760 ctts: 2560, tts_index: 230, tts_count: 241
[mov,mp4,m4a,3gp,3g2,mj2 @ 000002a0e6097580] stts: 118272 ctts: 1024, tts_index: 231, tts_count: 241
[mov,mp4,m4a,3gp,3g2,mj2 @ 000002a0e6097580] stts: 118784 ctts: 0, tts_index: 232, tts_count: 241
[mov,mp4,m4a,3gp,3g2,mj2 @ 000002a0e6097580] stts: 119296 ctts: 512, tts_index: 233, tts_count: 241
[mov,mp4,m4a,3gp,3g2,mj2 @ 000002a0e6097580] stts: 119808 ctts: 2560, tts_index: 234, tts_count: 241
[mov,mp4,m4a,3gp,3g2,mj2 @ 000002a0e6097580] stts: 120320 ctts: 1024, tts_index: 235, tts_count: 241
[mov,mp4,m4a,3gp,3g2,mj2 @ 000002a0e6097580] stts: 120832 ctts: 0, tts_index: 236, tts_count: 241
[mov,mp4,m4a,3gp,3g2,mj2 @ 000002a0e6097580] stts: 121344 ctts: 512, tts_index: 237, tts_count: 241
[mov,mp4,m4a,3gp,3g2,mj2 @ 000002a0e6097580] stts: 121856 ctts: 2048, tts_index: 238, tts_count: 241
[mov,mp4,m4a,3gp,3g2,mj2 @ 000002a0e6097580] stts: 122368 ctts: 512, tts_index: 239, tts_count: 241
[mov,mp4,m4a,3gp,3g2,mj2 @ 000002a0e6097580] stts: 122880 ctts: 512, tts_index: 240, tts_count: 241
[mov,mp4,m4a,3gp,3g2,mj2 @ 000002a0e6097580] Offset DTS by 1024 to make first pts zero.
[mov,mp4,m4a,3gp,3g2,mj2 @ 000002a0e6097580] Setting codecpar->delay to 2 for stream st: 0
[mov,mp4,m4a,3gp,3g2,mj2 @ 000002a0e6097580] type:'udta' parent:'moov' sz: 157 3623 3772
[mov,mp4,m4a,3gp,3g2,mj2 @ 000002a0e6097580] type:'meta' parent:'udta' sz: 149 8 149
[mov,mp4,m4a,3gp,3g2,mj2 @ 000002a0e6097580] type:'hdlr' parent:'meta' sz: 33 8 137
[mov,mp4,m4a,3gp,3g2,mj2 @ 000002a0e6097580] ctype=[0][0][0][0]
[mov,mp4,m4a,3gp,3g2,mj2 @ 000002a0e6097580] stype=mdir
[mov,mp4,m4a,3gp,3g2,mj2 @ 000002a0e6097580] type:'ilst' parent:'meta' sz: 104 41 137
[mov,mp4,m4a,3gp,3g2,mj2 @ 000002a0e6097580] type:'[169]too' parent:'ilst' sz: 36 8 96
[mov,mp4,m4a,3gp,3g2,mj2 @ 000002a0e6097580] type:'[169]cmt' parent:'ilst' sz: 60 44 96
[mov,mp4,m4a,3gp,3g2,mj2 @ 000002a0e6097580] type:'free' parent:'root' sz: 8 3820 1332415
[mov,mp4,m4a,3gp,3g2,mj2 @ 000002a0e6097580] type:'mdat' parent:'root' sz: 1328595 3828 1332415
[mov,mp4,m4a,3gp,3g2,mj2 @ 000002a0e6097580] on_parse_exit_offset=3828
[mov,mp4,m4a,3gp,3g2,mj2 @ 000002a0e6097580] Before avformat_find_stream_info() pos: 3828 bytes read:32768 seeks:0 nb_streams:1
[h264 @ 000002a0e60990c0] nal_unit_type: 7(SPS), nal_ref_idc: 3
[h264 @ 000002a0e60990c0] Decoding VUI
[h264 @ 000002a0e60990c0] nal_unit_type: 8(PPS), nal_ref_idc: 3
[mov,mp4,m4a,3gp,3g2,mj2 @ 000002a0e6097580] stream 0, sample 0, dts -83333
[h264 @ 000002a0e60990c0] nal_unit_type: 7(SPS), nal_ref_idc: 3
[h264 @ 000002a0e60990c0] Decoding VUI
[h264 @ 000002a0e60990c0] nal_unit_type: 8(PPS), nal_ref_idc: 3
[h264 @ 000002a0e60990c0] nal_unit_type: 6(SEI), nal_ref_idc: 0
[h264 @ 000002a0e60990c0] nal_unit_type: 5(IDR), nal_ref_idc: 3
[h264 @ 000002a0e60990c0] Format yuv420p chosen by get_format().
[h264 @ 000002a0e60990c0] Reinit context to 1472x640, pix_fmt: yuv420p
[h264 @ 000002a0e60990c0] no picture 
[mov,mp4,m4a,3gp,3g2,mj2 @ 000002a0e6097580] All info found
[mov,mp4,m4a,3gp,3g2,mj2 @ 000002a0e6097580] stream 0: start_time: 0 duration: 10.041667
[mov,mp4,m4a,3gp,3g2,mj2 @ 000002a0e6097580] format: start_time: 0 duration: 10.041667 (estimate from stream) bitrate=1061 kb/s
[mov,mp4,m4a,3gp,3g2,mj2 @ 000002a0e6097580] After avformat_find_stream_info() pos: 92337 bytes read:92337 seeks:0 frames:1
Input #0, mov,mp4,m4a,3gp,3g2,mj2, from '1787755363947.mp4':
  Metadata:
    major_brand     : isom
    minor_version   : 512
    compatible_brands: isomiso2avc1mp41
    encoder         : Lavf62.3.100
    comment         : vid:v0269cg10004d9s9njq7dld6ohcbn440
  Duration: 00:00:10.04, start: 0.000000, bitrate: 1061 kb/s
  Stream #0:0[0x1](und), 1, 1/12288: Video: h264 (High), 1 reference frame (avc1 / 0x31637661), yuv420p(progressive, left), 1470x630 [SAR 1:1 DAR 7:3], 0/1, 1058 kb/s, 24 fps, 24 tbr, 12288 tbn (default)
    Metadata:
      handler_name    : VideoHandler
      vendor_id       : [0][0][0][0]
      encoder         : Lavc62.11.100 libx264
Successfully opened the file.
Parsing a group of options: output url -.
Applying option f (force container format (auto-detected otherwise)) with argument null.
Successfully parsed a group of options.
Opening an output file: -.
[out#0/null @ 000002a0e60a6d40] No explicit maps, mapping streams automatically...
[vost#0:0/wrapped_avframe @ 000002a0e615eb80] Created video stream from input stream 0:0
detected 32 logical cores
[h264 @ 000002a0e609bcc0] nal_unit_type: 7(SPS), nal_ref_idc: 3
[h264 @ 000002a0e609bcc0] Decoding VUI
[h264 @ 000002a0e609bcc0] nal_unit_type: 8(PPS), nal_ref_idc: 3
Successfully opened the file.
Stream mapping:
  Stream #0:0 -> #0:0 (h264 (native) -> wrapped_avframe (native))
[vost#0:0/wrapped_avframe @ 000002a0e615eb80] Starting thread...
[vf#0:0 @ 000002a0e65908c0] Starting thread...
[vist#0:0/h264 @ 000002a0e60a6b40] [dec:h264 @ 000002a0e6590e40] Starting thread...
[in#0/mov,mp4,m4a,3gp,3g2,mj2 @ 000002a0e6097380] Starting thread...
Press [q] to stop, [?] for help
[mov,mp4,m4a,3gp,3g2,mj2 @ 000002a0e6097580] stream 0, sample 1, dts -41667
[mov,mp4,m4a,3gp,3g2,mj2 @ 000002a0e6097580] stream 0, sample 2, dts 0
[mov,mp4,m4a,3gp,3g2,mj2 @ 000002a0e6097580] stream 0, sample 3, dts 41667
[h264 @ 000002a0e609bcc0] nal_unit_type: 6(SEI), nal_ref_idc: 0
[mov,mp4,m4a,3gp,3g2,mj2 @ 000002a0e6097580] stream 0, sample 4, dts 83333
[h264 @ 000002a0e609bcc0] nal_unit_type: 5(IDR), nal_ref_idc: 3
[mov,mp4,m4a,3gp,3g2,mj2 @ 000002a0e6097580] stream 0, sample 5, dts 125000
[h264 @ 000002a0e609bcc0] Format yuv420p chosen by get_format().
[mov,mp4,m4a,3gp,3g2,mj2 @ 000002a0e6097580] stream 0, sample 6, dts 166667
[h264 @ 000002a0e609bcc0] Reinit context to 1472x640, pix_fmt: yuv420p
[mov,mp4,m4a,3gp,3g2,mj2 @ 000002a0e6097580] stream 0, sample 7, dts 208333
[mov,mp4,m4a,3gp,3g2,mj2 @ 000002a0e6097580] stream 0, sample 8, dts 250000
[mov,mp4,m4a,3gp,3g2,mj2 @ 000002a0e6097580] stream 0, sample 9, dts 291667
[mov,mp4,m4a,3gp,3g2,mj2 @ 000002a0e6097580] stream 0, sample 10, dts 333333
[h264 @ 000002a0e609bcc0] no picture 
[mov,mp4,m4a,3gp,3g2,mj2 @ 000002a0e6097580] stream 0, sample 11, dts 375000
[h264 @ 000002a0e62d2500] nal_unit_type: 1(Coded slice of a non-IDR picture), nal_ref_idc: 2
[h264 @ 000002a0e62d2500] no picture 
[mov,mp4,m4a,3gp,3g2,mj2 @ 000002a0e6097580] stream 0, sample 12, dts 416667
[h264 @ 000002a0e62d2b80] nal_unit_type: 1(Coded slice of a non-IDR picture), nal_ref_idc: 2
[mov,mp4,m4a,3gp,3g2,mj2 @ 000002a0e6097580] stream 0, sample 13, dts 458333
[h264 @ 000002a0e64d7480] nal_unit_type: 1(Coded slice of a non-IDR picture), nal_ref_idc: 0
[mov,mp4,m4a,3gp,3g2,mj2 @ 000002a0e6097580] stream 0, sample 14, dts 500000
[h264 @ 000002a0e66491c0] nal_unit_type: 1(Coded slice of a non-IDR picture), nal_ref_idc: 2
[mov,mp4,m4a,3gp,3g2,mj2 @ 000002a0e6097580] stream 0, sample 15, dts 541667
[h264 @ 000002a0e6701a80] nal_unit_type: 1(Coded slice of a non-IDR picture), nal_ref_idc: 2
[mov,mp4,m4a,3gp,3g2,mj2 @ 000002a0e6097580] stream 0, sample 16, dts 583333
[h264 @ 000002a0e6702680] nal_unit_type: 1(Coded slice of a non-IDR picture), nal_ref_idc: 0
[mov,mp4,m4a,3gp,3g2,mj2 @ 000002a0e6097580] stream 0, sample 17, dts 625000
[h264 @ 000002a0e62eba80] nal_unit_type: 1(Coded slice of a non-IDR picture), nal_ref_idc: 0
[mov,mp4,m4a,3gp,3g2,mj2 @ 000002a0e6097580] stream 0, sample 18, dts 666667
[h264 @ 000002a0e64d44c0] nal_unit_type: 1(Coded slice of a non-IDR picture), nal_ref_idc: 2
[mov,mp4,m4a,3gp,3g2,mj2 @ 000002a0e6097580] stream 0, sample 19, dts 708333
[h264 @ 000002a0e64d4b80] nal_unit_type: 1(Coded slice of a non-IDR picture), nal_ref_idc: 2
[mov,mp4,m4a,3gp,3g2,mj2 @ 000002a0e6097580] stream 0, sample 20, dts 750000
[h264 @ 000002a0e6712f80] nal_unit_type: 1(Coded slice of a non-IDR picture), nal_ref_idc: 0
[mov,mp4,m4a,3gp,3g2,mj2 @ 000002a0e6097580] stream 0, sample 21, dts 791667
[h264 @ 000002a0e6723780] nal_unit_type: 1(Coded slice of a non-IDR picture), nal_ref_idc: 0
[mov,mp4,m4a,3gp,3g2,mj2 @ 000002a0e6097580] stream 0, sample 22, dts 833333
[h264 @ 000002a0e63215c0] nal_unit_type: 1(Coded slice of a non-IDR picture), nal_ref_idc: 2
[mov,mp4,m4a,3gp,3g2,mj2 @ 000002a0e6097580] stream 0, sample 23, dts 875000
[h264 @ 000002a0e6322840] nal_unit_type: 1(Coded slice of a non-IDR picture), nal_ref_idc: 2
[mov,mp4,m4a,3gp,3g2,mj2 @ 000002a0e6097580] stream 0, sample 24, dts 916667
[h264 @ 000002a0e63220c0] nal_unit_type: 1(Coded slice of a non-IDR picture), nal_ref_idc: 0
[mov,mp4,m4a,3gp,3g2,mj2 @ 000002a0e6097580] stream 0, sample 25, dts 958333
[h264 @ 000002a0e6320e80] nal_unit_type: 1(Coded slice of a non-IDR picture), nal_ref_idc: 0
[mov,mp4,m4a,3gp,3g2,mj2 @ 000002a0e6097580] stream 0, sample 26, dts 1000000
[h264 @ 000002a0e609bcc0] nal_unit_type: 1(Coded slice of a non-IDR picture), nal_ref_idc: 2
[mov,mp4,m4a,3gp,3g2,mj2 @ 000002a0e6097580] stream 0, sample 27, dts 1041667
[h264 @ 000002a0e62d2500] nal_unit_type: 1(Coded slice of a non-IDR picture), nal_ref_idc: 2
[mov,mp4,m4a,3gp,3g2,mj2 @ 000002a0e6097580] stream 0, sample 28, dts 1083333
[h264 @ 000002a0e62d2b80] nal_unit_type: 1(Coded slice of a non-IDR picture), nal_ref_idc: 0
[h264 @ 000002a0e64d7480] nal_unit_type: 1(Coded slice of a non-IDR picture), nal_ref_idc: 0
[mov,mp4,m4a,3gp,3g2,mj2 @ 000002a0e6097580] stream 0, sample 29, dts 1125000
[graph -1 input from stream 0:0 @ 000002a0e675d6c0] w:1470 h:630 pixfmt:yuv420p tb:1/12288 fr:24/1 sar:1/1 csp:unknown range:unknown
[h264 @ 000002a0e66491c0] nal_unit_type: 1(Coded slice of a non-IDR picture), nal_ref_idc: 2
[mov,mp4,m4a,3gp,3g2,mj2 @ 000002a0e6097580] stream 0, sample 30, dts 1166667
Filter 'Parsed_null_0' formats:
  in[0] 'default': yuv420p yuyv422 rgb24 bgr24 yuv422p yuv444p yuv410p yuv411p gray monow monob pal8 yuvj420p yuvj422p yuvj444p uyvy422 uyyvyy411 bgr8 bgr4 bgr4_byte rgb8 rgb4 rgb4_byte nv12 nv21 argb rgba abgr bgra gray16be gray16le yuv440p yuvj440p yuva420p rgb48be rgb48le rgb565be rgb565le rgb555be rgb555le bgr565be bgr565le bgr555be bgr555le vaapi yuv420p16le yuv420p16be yuv422p16le yuv422p16be yuv444p16le yuv444p16be dxva2_vld rgb444le rgb444be bgr444le bgr444be ya8 bgr48be bgr48le yuv420p9be yuv420p9le yuv420p10be yuv420p10le yuv422p10be yuv422p10le yuv444p9be yuv444p9le yuv444p10be yuv444p10le yuv422p9be yuv422p9le gbrp gbrp9be gbrp9le gbrp10be gbrp10le gbrp16be gbrp16le yuva422p yuva444p yuva420p9be yuva420p9le yuva422p9be yuva422p9le yuva444p9be yuva444p9le yuva420p10be yuva420p10le yuva422p10be yuva422p10le yuva444p10be yuva444p10le yuva420p16be yuva420p16le yuva422p16be yuva422p16le yuva444p16be yuva444p16le vdpau xyz12le xyz12be nv16 nv20le nv20be rgba64be rgba64le bgra64be bgra64le yvyu422 ya16be ya16le gbrap gbra  out[0] 'default': yuv420p yuyv422 rgb24 bgr24 yuv422p yuv444p yuv410p yuv411p gray monow monob pal8 yuvj420p yuvj422p yuvj444p uyvy422 uyyvyy411 bgr8 bgr4 bgr4_byte rgb8 rgb4 rgb4_byte nv12 nv21 argb rgba abgr bgra gray16be gray16le yuv440p yuvj440p yuva420p rgb48be rgb48le rgb565be rgb565le rgb555be rgb555le bgr565be bgr565le bgr555be bgr555le vaapi yuv420p16le yuv420p16be yuv422p16le yuv422p16be yuv444p16le yuv444p16be dxva2_vld rgb444le rgb444be bgr444le bgr444be ya8 bgr48be bgr48le yuv420p9be yuv420p9le yuv420p10be yuv420p10le yuv422p10be yuv422p10le yuv444p9be yuv444p9le yuv444p10be yuv444p10le yuv422p9be yuv422p9le gbrp gbrp9be gbrp9le gbrp10be gbrp10le gbrp16be gbrp16le yuva422p yuva444p yuva420p9be yuva420p9le yuva422p9be yuva422p9le yuva444p9be yuva444p9le yuva420p10be yuva420p10le yuva422p10be yuva422p10le yuva444p10be yuva444p10le yuva420p16be yuva420p16le yuva422p16be yuva422p16le yuva444p16be yuva444p16le vdpau xyz12le xyz12be nv16 nv20le nv20be rgba64be rgba64le bgra64be bgra64le yvyu422 ya16be ya16le gbrap gbraFilter 'graph -1 input from stream 0:0' formats:
  out[0] 'default': yuv420p
Filter 'out_#0:0' formats:
  in[0] 'default': yuv420p yuyv422 rgb24 bgr24 yuv422p yuv444p yuv410p yuv411p gray monow monob pal8 yuvj420p yuvj422p yuvj444p uyvy422 uyyvyy411 bgr8 bgr4 bgr4_byte rgb8 rgb4 rgb4_byte nv12 nv21 argb rgba abgr bgra gray16be gray16le yuv440p yuvj440p yuva420p rgb48be rgb48le rgb565be rgb565le rgb555be rgb555le bgr565be bgr565le bgr555be bgr555le vaapi yuv420p16le yuv420p16be yuv422p16le yuv422p16be yuv444p16le yuv444p16be dxva2_vld rgb444le rgb444be bgr444le bgr444be ya8 bgr48be bgr48le yuv420p9be yuv420p9le yuv420p10be yuv420p10le yuv422p10be yuv422p10le yuv444p9be yuv444p9le yuv444p10be yuv444p10le yuv422p9be yuv422p9le gbrp gbrp9be gbrp9le gbrp10be gbrp10le gbrp16be gbrp16le yuva422p yuva444p yuva420p9be yuva420p9le yuva422p9be yuva422p9le yuva444p9be yuva444p9le yuva420p10be yuva420p10le yuva422p10be yuva422p10le yuva444p10be yuva444p10le yuva420p16be yuva420p16le yuva422p16be yuva422p16le yuva444p16be yuva444p16le vdpau xyz12le xyz12be nv16 nv20le nv20be rgba64be rgba64le bgra64be bgra64le yvyu422 ya16be ya16le gbrap gbra[AVFilterGraph @ 000002a0e97c20c0] query_formats: 3 queried, 6 merged, 0 already done, 0 delayed
[graph -1 input from stream 0:0 @ 000002a0e675d6c0] video frame properties congruent with link at pts_time: 0
Output #0, null, to 'pipe:':
  Metadata:
    major_brand     : isom
    minor_version   : 512
    compatible_brands: isomiso2avc1mp41
    comment         : vid:v0269cg10004d9s9njq7dld6ohcbn440
    encoder         : Lavf62.3.100
  Stream #0:0(und), 0, 1/24: Video: wrapped_avframe, 1 reference frame, yuv420p(progressive, left), 1470x630 [SAR 1:1 DAR 7:3], 0/1, q=2-31, 200 kb/s, 24 fps, 24 tbn (default)
    Metadata:
      encoder         : Lavc62.11.100 wrapped_avframe
      handler_name    : VideoHandler
      vendor_id       : [0][0][0][0]
[out#0/null @ 000002a0e60a6d40] Starting thread...
[mov,mp4,m4a,3gp,3g2,mj2 @ 000002a0e6097580] stream 0, sample 31, dts 1208333
[h264 @ 000002a0e6701a80] nal_unit_type: 1(Coded slice of a non-IDR picture), nal_ref_idc: 0
[h264 @ 000002a0e6702680] nal_unit_type: 1(Coded slice of a non-IDR picture), nal_ref_idc: 2
[mov,mp4,m4a,3gp,3g2,mj2 @ 000002a0e6097580] stream 0, sample 32, dts 1250000
[mov,mp4,m4a,3gp,3g2,mj2 @ 000002a0e6097580] stream 0, sample 33, dts 1291667
[h264 @ 000002a0e62eba80] nal_unit_type: 1(Coded slice of a non-IDR picture), nal_ref_idc: 2
[h264 @ 000002a0e64d44c0] nal_unit_type: 1(Coded slice of a non-IDR picture), nal_ref_idc: 0
[mov,mp4,m4a,3gp,3g2,mj2 @ 000002a0e6097580] stream 0, sample 34, dts 1333333
[h264 @ 000002a0e64d4b80] nal_unit_type: 1(Coded slice of a non-IDR picture), nal_ref_idc: 0
[mov,mp4,m4a,3gp,3g2,mj2 @ 000002a0e6097580] stream 0, sample 35, dts 1375000
[h264 @ 000002a0e6712f80] nal_unit_type: 1(Coded slice of a non-IDR picture), nal_ref_idc: 2
[mov,mp4,m4a,3gp,3g2,mj2 @ 000002a0e6097580] stream 0, sample 36, dts 1416667
[h264 @ 000002a0e6723780] nal_unit_type: 1(Coded slice of a non-IDR picture), nal_ref_idc: 0
[mov,mp4,m4a,3gp,3g2,mj2 @ 000002a0e6097580] stream 0, sample 37, dts 1458333
[mov,mp4,m4a,3gp,3g2,mj2 @ 000002a0e6097580] stream 0, sample 38, dts 1500000
[h264 @ 000002a0e63215c0] nal_unit_type: 1(Coded slice of a non-IDR picture), nal_ref_idc: 2
[mov,mp4,m4a,3gp,3g2,mj2 @ 000002a0e6097580] stream 0, sample 39, dts 1541667
[h264 @ 000002a0e6322840] nal_unit_type: 1(Coded slice of a non-IDR picture), nal_ref_idc: 2
[h264 @ 000002a0e63220c0] nal_unit_type: 1(Coded slice of a non-IDR picture), nal_ref_idc: 0
[mov,mp4,m4a,3gp,3g2,mj2 @ 000002a0e6097580] stream 0, sample 40, dts 1583333
[h264 @ 000002a0e6320e80] nal_unit_type: 1(Coded slice of a non-IDR picture), nal_ref_idc: 0
[mov,mp4,m4a,3gp,3g2,mj2 @ 000002a0e6097580] stream 0, sample 41, dts 1625000
[h264 @ 000002a0e609bcc0] nal_unit_type: 1(Coded slice of a non-IDR picture), nal_ref_idc: 2
[mov,mp4,m4a,3gp,3g2,mj2 @ 000002a0e6097580] stream 0, sample 42, dts 1666667
[h264 @ 000002a0e62d2500] nal_unit_type: 1(Coded slice of a non-IDR picture), nal_ref_idc: 2
[mov,mp4,m4a,3gp,3g2,mj2 @ 000002a0e6097580] stream 0, sample 43, dts 1708333
[h264 @ 000002a0e62d2b80] nal_unit_type: 1(Coded slice of a non-IDR picture), nal_ref_idc: 0
[mov,mp4,m4a,3gp,3g2,mj2 @ 000002a0e6097580] stream 0, sample 44, dts 1750000
[mov,mp4,m4a,3gp,3g2,mj2 @ 000002a0e6097580] stream 0, sample 45, dts 1791667
[h264 @ 000002a0e64d7480] nal_unit_type: 1(Coded slice of a non-IDR picture), nal_ref_idc: 0
[mov,mp4,m4a,3gp,3g2,mj2 @ 000002a0e6097580] stream 0, sample 46, dts 1833333
[h264 @ 000002a0e66491c0] nal_unit_type: 1(Coded slice of a non-IDR picture), nal_ref_idc: 2
[h264 @ 000002a0e6701a80] nal_unit_type: 1(Coded slice of a non-IDR picture), nal_ref_idc: 2
[mov,mp4,m4a,3gp,3g2,mj2 @ 000002a0e6097580] stream 0, sample 47, dts 1875000
[h264 @ 000002a0e6702680] nal_unit_type: 1(Coded slice of a non-IDR picture), nal_ref_idc: 0
[mov,mp4,m4a,3gp,3g2,mj2 @ 000002a0e6097580] stream 0, sample 48, dts 1916667
[mov,mp4,m4a,3gp,3g2,mj2 @ 000002a0e6097580] stream 0, sample 49, dts 1958333
[h264 @ 000002a0e62eba80] nal_unit_type: 1(Coded slice of a non-IDR picture), nal_ref_idc: 0
[h264 @ 000002a0e64d44c0] nal_unit_type: 1(Coded slice of a non-IDR picture), nal_ref_idc: 2
[mov,mp4,m4a,3gp,3g2,mj2 @ 000002a0e6097580] stream 0, sample 50, dts 2000000
[mov,mp4,m4a,3gp,3g2,mj2 @ 000002a0e6097580] stream 0, sample 51, dts 2041667
[h264 @ 000002a0e64d4b80] nal_unit_type: 1(Coded slice of a non-IDR picture), nal_ref_idc: 2
[mov,mp4,m4a,3gp,3g2,mj2 @ 000002a0e6097580] stream 0, sample 52, dts 2083333
[h264 @ 000002a0e6712f80] nal_unit_type: 1(Coded slice of a non-IDR picture), nal_ref_idc: 0
[h264 @ 000002a0e6723780] nal_unit_type: 1(Coded slice of a non-IDR picture), nal_ref_idc: 0
[mov,mp4,m4a,3gp,3g2,mj2 @ 000002a0e6097580] stream 0, sample 53, dts 2125000
[h264 @ 000002a0e63215c0] nal_unit_type: 1(Coded slice of a non-IDR picture), nal_ref_idc: 2
[mov,mp4,m4a,3gp,3g2,mj2 @ 000002a0e6097580] stream 0, sample 54, dts 2166667
[h264 @ 000002a0e6322840] nal_unit_type: 1(Coded slice of a non-IDR picture), nal_ref_idc: 2
[mov,mp4,m4a,3gp,3g2,mj2 @ 000002a0e6097580] stream 0, sample 55, dts 2208333
[h264 @ 000002a0e63220c0] nal_unit_type: 1(Coded slice of a non-IDR picture), nal_ref_idc: 0
[mov,mp4,m4a,3gp,3g2,mj2 @ 000002a0e6097580] stream 0, sample 56, dts 2250000
[h264 @ 000002a0e6320e80] nal_unit_type: 1(Coded slice of a non-IDR picture), nal_ref_idc: 0
[mov,mp4,m4a,3gp,3g2,mj2 @ 000002a0e6097580] stream 0, sample 57, dts 2291667
[h264 @ 000002a0e609bcc0] nal_unit_type: 1(Coded slice of a non-IDR picture), nal_ref_idc: 2
[mov,mp4,m4a,3gp,3g2,mj2 @ 000002a0e6097580] stream 0, sample 58, dts 2333333
[h264 @ 000002a0e62d2500] nal_unit_type: 1(Coded slice of a non-IDR picture), nal_ref_idc: 2
[mov,mp4,m4a,3gp,3g2,mj2 @ 000002a0e6097580] stream 0, sample 59, dts 2375000
[h264 @ 000002a0e62d2b80] nal_unit_type: 1(Coded slice of a non-IDR picture), nal_ref_idc: 0
[mov,mp4,m4a,3gp,3g2,mj2 @ 000002a0e6097580] stream 0, sample 60, dts 2416667
[h264 @ 000002a0e64d7480] nal_unit_type: 1(Coded slice of a non-IDR picture), nal_ref_idc: 0
[mov,mp4,m4a,3gp,3g2,mj2 @ 000002a0e6097580] stream 0, sample 61, dts 2458333
[h264 @ 000002a0e66491c0] nal_unit_type: 1(Coded slice of a non-IDR picture), nal_ref_idc: 2
[mov,mp4,m4a,3gp,3g2,mj2 @ 000002a0e6097580] stream 0, sample 62, dts 2500000
[h264 @ 000002a0e6701a80] nal_unit_type: 1(Coded slice of a non-IDR picture), nal_ref_idc: 2
[mov,mp4,m4a,3gp,3g2,mj2 @ 000002a0e6097580] stream 0, sample 63, dts 2541667
[h264 @ 000002a0e6702680] nal_unit_type: 1(Coded slice of a non-IDR picture), nal_ref_idc: 0
[mov,mp4,m4a,3gp,3g2,mj2 @ 000002a0e6097580] stream 0, sample 64, dts 2583333
[h264 @ 000002a0e62eba80] nal_unit_type: 1(Coded slice of a non-IDR picture), nal_ref_idc: 0
[mov,mp4,m4a,3gp,3g2,mj2 @ 000002a0e6097580] stream 0, sample 65, dts 2625000
[h264 @ 000002a0e64d44c0] nal_unit_type: 1(Coded slice of a non-IDR picture), nal_ref_idc: 2
[mov,mp4,m4a,3gp,3g2,mj2 @ 000002a0e6097580] stream 0, sample 66, dts 2666667
[h264 @ 000002a0e64d4b80] nal_unit_type: 1(Coded slice of a non-IDR picture), nal_ref_idc: 2
[mov,mp4,m4a,3gp,3g2,mj2 @ 000002a0e6097580] stream 0, sample 67, dts 2708333
[h264 @ 000002a0e6712f80] nal_unit_type: 1(Coded slice of a non-IDR picture), nal_ref_idc: 0
[mov,mp4,m4a,3gp,3g2,mj2 @ 000002a0e6097580] stream 0, sample 68, dts 2750000
[h264 @ 000002a0e6723780] nal_unit_type: 1(Coded slice of a non-IDR picture), nal_ref_idc: 0
[mov,mp4,m4a,3gp,3g2,mj2 @ 000002a0e6097580] stream 0, sample 69, dts 2791667
[h264 @ 000002a0e63215c0] nal_unit_type: 1(Coded slice of a non-IDR picture), nal_ref_idc: 2
[mov,mp4,m4a,3gp,3g2,mj2 @ 000002a0e6097580] stream 0, sample 70, dts 2833333
[h264 @ 000002a0e6322840] nal_unit_type: 1(Coded slice of a non-IDR picture), nal_ref_idc: 2
[mov,mp4,m4a,3gp,3g2,mj2 @ 000002a0e6097580] stream 0, sample 71, dts 2875000
[mov,mp4,m4a,3gp,3g2,mj2 @ 000002a0e6097580] stream 0, sample 72, dts 2916667
[h264 @ 000002a0e63220c0] nal_unit_type: 1(Coded slice of a non-IDR picture), nal_ref_idc: 0
[h264 @ 000002a0e6320e80] nal_unit_type: 1(Coded slice of a non-IDR picture), nal_ref_idc: 0
[mov,mp4,m4a,3gp,3g2,mj2 @ 000002a0e6097580] stream 0, sample 73, dts 2958333
[mov,mp4,m4a,3gp,3g2,mj2 @ 000002a0e6097580] stream 0, sample 74, dts 3000000
[h264 @ 000002a0e609bcc0] nal_unit_type: 1(Coded slice of a non-IDR picture), nal_ref_idc: 2
[h264 @ 000002a0e62d2500] nal_unit_type: 1(Coded slice of a non-IDR picture), nal_ref_idc: 2
[mov,mp4,m4a,3gp,3g2,mj2 @ 000002a0e6097580] stream 0, sample 75, dts 3041667
[h264 @ 000002a0e62d2b80] nal_unit_type: 1(Coded slice of a non-IDR picture), nal_ref_idc: 0
[mov,mp4,m4a,3gp,3g2,mj2 @ 000002a0e6097580] stream 0, sample 76, dts 3083333
[h264 @ 000002a0e64d7480] nal_unit_type: 1(Coded slice of a non-IDR picture), nal_ref_idc: 0
[mov,mp4,m4a,3gp,3g2,mj2 @ 000002a0e6097580] stream 0, sample 77, dts 3125000
[h264 @ 000002a0e66491c0] nal_unit_type: 1(Coded slice of a non-IDR picture), nal_ref_idc: 2
[mov,mp4,m4a,3gp,3g2,mj2 @ 000002a0e6097580] stream 0, sample 78, dts 3166667
[h264 @ 000002a0e6701a80] nal_unit_type: 1(Coded slice of a non-IDR picture), nal_ref_idc: 2
[mov,mp4,m4a,3gp,3g2,mj2 @ 000002a0e6097580] stream 0, sample 79, dts 3208333
[h264 @ 000002a0e6702680] nal_unit_type: 1(Coded slice of a non-IDR picture), nal_ref_idc: 0
[mov,mp4,m4a,3gp,3g2,mj2 @ 000002a0e6097580] stream 0, sample 80, dts 3250000
[h264 @ 000002a0e62eba80] nal_unit_type: 1(Coded slice of a non-IDR picture), nal_ref_idc: 0
[mov,mp4,m4a,3gp,3g2,mj2 @ 000002a0e6097580] stream 0, sample 81, dts 3291667
[h264 @ 000002a0e64d44c0] nal_unit_type: 1(Coded slice of a non-IDR picture), nal_ref_idc: 2
[mov,mp4,m4a,3gp,3g2,mj2 @ 000002a0e6097580] stream 0, sample 82, dts 3333333
[h264 @ 000002a0e64d4b80] nal_unit_type: 1(Coded slice of a non-IDR picture), nal_ref_idc: 2
[h264 @ 000002a0e6712f80] nal_unit_type: 1(Coded slice of a non-IDR picture), nal_ref_idc: 0
[mov,mp4,m4a,3gp,3g2,mj2 @ 000002a0e6097580] stream 0, sample 83, dts 3375000
[mov,mp4,m4a,3gp,3g2,mj2 @ 000002a0e6097580] stream 0, sample 84, dts 3416667
[h264 @ 000002a0e6723780] nal_unit_type: 1(Coded slice of a non-IDR picture), nal_ref_idc: 0
[mov,mp4,m4a,3gp,3g2,mj2 @ 000002a0e6097580] stream 0, sample 85, dts 3458333
[h264 @ 000002a0e63215c0] nal_unit_type: 1(Coded slice of a non-IDR picture), nal_ref_idc: 2
[mov,mp4,m4a,3gp,3g2,mj2 @ 000002a0e6097580] stream 0, sample 86, dts 3500000
[h264 @ 000002a0e6322840] nal_unit_type: 1(Coded slice of a non-IDR picture), nal_ref_idc: 2
[mov,mp4,m4a,3gp,3g2,mj2 @ 000002a0e6097580] stream 0, sample 87, dts 3541667
[h264 @ 000002a0e63220c0] nal_unit_type: 1(Coded slice of a non-IDR picture), nal_ref_idc: 0
[mov,mp4,m4a,3gp,3g2,mj2 @ 000002a0e6097580] stream 0, sample 88, dts 3583333
[h264 @ 000002a0e6320e80] nal_unit_type: 1(Coded slice of a non-IDR picture), nal_ref_idc: 0
[mov,mp4,m4a,3gp,3g2,mj2 @ 000002a0e6097580] stream 0, sample 89, dts 3625000
[h264 @ 000002a0e609bcc0] nal_unit_type: 1(Coded slice of a non-IDR picture), nal_ref_idc: 2
[mov,mp4,m4a,3gp,3g2,mj2 @ 000002a0e6097580] stream 0, sample 90, dts 3666667
[h264 @ 000002a0e62d2500] nal_unit_type: 1(Coded slice of a non-IDR picture), nal_ref_idc: 2
[mov,mp4,m4a,3gp,3g2,mj2 @ 000002a0e6097580] stream 0, sample 91, dts 3708333
[h264 @ 000002a0e62d2b80] nal_unit_type: 1(Coded slice of a non-IDR picture), nal_ref_idc: 0
[mov,mp4,m4a,3gp,3g2,mj2 @ 000002a0e6097580] stream 0, sample 92, dts 3750000
[h264 @ 000002a0e64d7480] nal_unit_type: 1(Coded slice of a non-IDR picture), nal_ref_idc: 0
[mov,mp4,m4a,3gp,3g2,mj2 @ 000002a0e6097580] stream 0, sample 93, dts 3791667
[h264 @ 000002a0e66491c0] nal_unit_type: 1(Coded slice of a non-IDR picture), nal_ref_idc: 2
[mov,mp4,m4a,3gp,3g2,mj2 @ 000002a0e6097580] stream 0, sample 94, dts 3833333
[h264 @ 000002a0e6701a80] nal_unit_type: 1(Coded slice of a non-IDR picture), nal_ref_idc: 2
[mov,mp4,m4a,3gp,3g2,mj2 @ 000002a0e6097580] stream 0, sample 95, dts 3875000
[mov,mp4,m4a,3gp,3g2,mj2 @ 000002a0e6097580] stream 0, sample 96, dts 3916667
[h264 @ 000002a0e6702680] nal_unit_type: 1(Coded slice of a non-IDR picture), nal_ref_idc: 0
[mov,mp4,m4a,3gp,3g2,mj2 @ 000002a0e6097580] stream 0, sample 97, dts 3958333
[h264 @ 000002a0e62eba80] nal_unit_type: 1(Coded slice of a non-IDR picture), nal_ref_idc: 0
[mov,mp4,m4a,3gp,3g2,mj2 @ 000002a0e6097580] stream 0, sample 98, dts 4000000
[h264 @ 000002a0e64d44c0] nal_unit_type: 1(Coded slice of a non-IDR picture), nal_ref_idc: 2
[h264 @ 000002a0e64d4b80] nal_unit_type: 1(Coded slice of a non-IDR picture), nal_ref_idc: 2
[mov,mp4,m4a,3gp,3g2,mj2 @ 000002a0e6097580] stream 0, sample 99, dts 4041667
[h264 @ 000002a0e6712f80] nal_unit_type: 1(Coded slice of a non-IDR picture), nal_ref_idc: 0
[mov,mp4,m4a,3gp,3g2,mj2 @ 000002a0e6097580] stream 0, sample 100, dts 4083333
[h264 @ 000002a0e6723780] nal_unit_type: 1(Coded slice of a non-IDR picture), nal_ref_idc: 0
[mov,mp4,m4a,3gp,3g2,mj2 @ 000002a0e6097580] stream 0, sample 101, dts 4125000
[h264 @ 000002a0e63215c0] nal_unit_type: 1(Coded slice of a non-IDR picture), nal_ref_idc: 2
[mov,mp4,m4a,3gp,3g2,mj2 @ 000002a0e6097580] stream 0, sample 102, dts 4166667
[h264 @ 000002a0e6322840] nal_unit_type: 1(Coded slice of a non-IDR picture), nal_ref_idc: 2
[mov,mp4,m4a,3gp,3g2,mj2 @ 000002a0e6097580] stream 0, sample 103, dts 4208333
[h264 @ 000002a0e63220c0] nal_unit_type: 1(Coded slice of a non-IDR picture), nal_ref_idc: 0
[mov,mp4,m4a,3gp,3g2,mj2 @ 000002a0e6097580] stream 0, sample 104, dts 4250000
[h264 @ 000002a0e6320e80] nal_unit_type: 1(Coded slice of a non-IDR picture), nal_ref_idc: 0
[mov,mp4,m4a,3gp,3g2,mj2 @ 000002a0e6097580] stream 0, sample 105, dts 4291667
[h264 @ 000002a0e609bcc0] nal_unit_type: 1(Coded slice of a non-IDR picture), nal_ref_idc: 2
[mov,mp4,m4a,3gp,3g2,mj2 @ 000002a0e6097580] stream 0, sample 106, dts 4333333
[h264 @ 000002a0e62d2500] nal_unit_type: 1(Coded slice of a non-IDR picture), nal_ref_idc: 2
[mov,mp4,m4a,3gp,3g2,mj2 @ 000002a0e6097580] stream 0, sample 107, dts 4375000
[h264 @ 000002a0e62d2b80] nal_unit_type: 1(Coded slice of a non-IDR picture), nal_ref_idc: 0
[mov,mp4,m4a,3gp,3g2,mj2 @ 000002a0e6097580] stream 0, sample 108, dts 4416667
[h264 @ 000002a0e64d7480] nal_unit_type: 1(Coded slice of a non-IDR picture), nal_ref_idc: 0
[mov,mp4,m4a,3gp,3g2,mj2 @ 000002a0e6097580] stream 0, sample 109, dts 4458333
[h264 @ 000002a0e66491c0] nal_unit_type: 1(Coded slice of a non-IDR picture), nal_ref_idc: 2
[mov,mp4,m4a,3gp,3g2,mj2 @ 000002a0e6097580] stream 0, sample 110, dts 4500000
[h264 @ 000002a0e6701a80] nal_unit_type: 1(Coded slice of a non-IDR picture), nal_ref_idc: 2
[mov,mp4,m4a,3gp,3g2,mj2 @ 000002a0e6097580] stream 0, sample 111, dts 4541667
[h264 @ 000002a0e6702680] nal_unit_type: 1(Coded slice of a non-IDR picture), nal_ref_idc: 0
[mov,mp4,m4a,3gp,3g2,mj2 @ 000002a0e6097580] stream 0, sample 112, dts 4583333
[h264 @ 000002a0e62eba80] nal_unit_type: 1(Coded slice of a non-IDR picture), nal_ref_idc: 0
[mov,mp4,m4a,3gp,3g2,mj2 @ 000002a0e6097580] stream 0, sample 113, dts 4625000
[h264 @ 000002a0e64d44c0] nal_unit_type: 1(Coded slice of a non-IDR picture), nal_ref_idc: 2
[mov,mp4,m4a,3gp,3g2,mj2 @ 000002a0e6097580] stream 0, sample 114, dts 4666667
[h264 @ 000002a0e64d4b80] nal_unit_type: 1(Coded slice of a non-IDR picture), nal_ref_idc: 2
[mov,mp4,m4a,3gp,3g2,mj2 @ 000002a0e6097580] stream 0, sample 115, dts 4708333
[h264 @ 000002a0e6712f80] nal_unit_type: 1(Coded slice of a non-IDR picture), nal_ref_idc: 0
[mov,mp4,m4a,3gp,3g2,mj2 @ 000002a0e6097580] stream 0, sample 116, dts 4750000
[h264 @ 000002a0e6723780] nal_unit_type: 1(Coded slice of a non-IDR picture), nal_ref_idc: 0
[mov,mp4,m4a,3gp,3g2,mj2 @ 000002a0e6097580] stream 0, sample 117, dts 4791667
[h264 @ 000002a0e63215c0] nal_unit_type: 1(Coded slice of a non-IDR picture), nal_ref_idc: 2
[mov,mp4,m4a,3gp,3g2,mj2 @ 000002a0e6097580] stream 0, sample 118, dts 4833333
[h264 @ 000002a0e6322840] nal_unit_type: 1(Coded slice of a non-IDR picture), nal_ref_idc: 2
[mov,mp4,m4a,3gp,3g2,mj2 @ 000002a0e6097580] stream 0, sample 119, dts 4875000
[h264 @ 000002a0e63220c0] nal_unit_type: 1(Coded slice of a non-IDR picture), nal_ref_idc: 0
[mov,mp4,m4a,3gp,3g2,mj2 @ 000002a0e6097580] stream 0, sample 120, dts 4916667
[h264 @ 000002a0e6320e80] nal_unit_type: 1(Coded slice of a non-IDR picture), nal_ref_idc: 0
[mov,mp4,m4a,3gp,3g2,mj2 @ 000002a0e6097580] stream 0, sample 121, dts 4958333
[h264 @ 000002a0e609bcc0] nal_unit_type: 1(Coded slice of a non-IDR picture), nal_ref_idc: 2
[mov,mp4,m4a,3gp,3g2,mj2 @ 000002a0e6097580] stream 0, sample 122, dts 5000000
[h264 @ 000002a0e62d2500] nal_unit_type: 1(Coded slice of a non-IDR picture), nal_ref_idc: 2
[mov,mp4,m4a,3gp,3g2,mj2 @ 000002a0e6097580] stream 0, sample 123, dts 5041667
[h264 @ 000002a0e62d2b80] nal_unit_type: 1(Coded slice of a non-IDR picture), nal_ref_idc: 0
[mov,mp4,m4a,3gp,3g2,mj2 @ 000002a0e6097580] stream 0, sample 124, dts 5083333
[h264 @ 000002a0e64d7480] nal_unit_type: 1(Coded slice of a non-IDR picture), nal_ref_idc: 0
[mov,mp4,m4a,3gp,3g2,mj2 @ 000002a0e6097580] stream 0, sample 125, dts 5125000
[h264 @ 000002a0e66491c0] nal_unit_type: 1(Coded slice of a non-IDR picture), nal_ref_idc: 2
[mov,mp4,m4a,3gp,3g2,mj2 @ 000002a0e6097580] stream 0, sample 126, dts 5166667
[h264 @ 000002a0e6701a80] nal_unit_type: 1(Coded slice of a non-IDR picture), nal_ref_idc: 2
[mov,mp4,m4a,3gp,3g2,mj2 @ 000002a0e6097580] stream 0, sample 127, dts 5208333
[mov,mp4,m4a,3gp,3g2,mj2 @ 000002a0e6097580] stream 0, sample 128, dts 5250000
[h264 @ 000002a0e6702680] nal_unit_type: 1(Coded slice of a non-IDR picture), nal_ref_idc: 0
[h264 @ 000002a0e62eba80] nal_unit_type: 1(Coded slice of a non-IDR picture), nal_ref_idc: 0
[mov,mp4,m4a,3gp,3g2,mj2 @ 000002a0e6097580] stream 0, sample 129, dts 5291667
[h264 @ 000002a0e64d44c0] nal_unit_type: 1(Coded slice of a non-IDR picture), nal_ref_idc: 2
[mov,mp4,m4a,3gp,3g2,mj2 @ 000002a0e6097580] stream 0, sample 130, dts 5333333
[h264 @ 000002a0e64d4b80] nal_unit_type: 1(Coded slice of a non-IDR picture), nal_ref_idc: 2
[mov,mp4,m4a,3gp,3g2,mj2 @ 000002a0e6097580] stream 0, sample 131, dts 5375000
[h264 @ 000002a0e6712f80] nal_unit_type: 1(Coded slice of a non-IDR picture), nal_ref_idc: 0
[mov,mp4,m4a,3gp,3g2,mj2 @ 000002a0e6097580] stream 0, sample 132, dts 5416667
[h264 @ 000002a0e6723780] nal_unit_type: 1(Coded slice of a non-IDR picture), nal_ref_idc: 0
[mov,mp4,m4a,3gp,3g2,mj2 @ 000002a0e6097580] stream 0, sample 133, dts 5458333
[h264 @ 000002a0e63215c0] nal_unit_type: 1(Coded slice of a non-IDR picture), nal_ref_idc: 2
[mov,mp4,m4a,3gp,3g2,mj2 @ 000002a0e6097580] stream 0, sample 134, dts 5500000
[h264 @ 000002a0e6322840] nal_unit_type: 1(Coded slice of a non-IDR picture), nal_ref_idc: 2
[mov,mp4,m4a,3gp,3g2,mj2 @ 000002a0e6097580] stream 0, sample 135, dts 5541667
[h264 @ 000002a0e63220c0] nal_unit_type: 1(Coded slice of a non-IDR picture), nal_ref_idc: 0
[mov,mp4,m4a,3gp,3g2,mj2 @ 000002a0e6097580] stream 0, sample 136, dts 5583333
[h264 @ 000002a0e6320e80] nal_unit_type: 1(Coded slice of a non-IDR picture), nal_ref_idc: 0
[mov,mp4,m4a,3gp,3g2,mj2 @ 000002a0e6097580] stream 0, sample 137, dts 5625000
[h264 @ 000002a0e609bcc0] nal_unit_type: 1(Coded slice of a non-IDR picture), nal_ref_idc: 2
[mov,mp4,m4a,3gp,3g2,mj2 @ 000002a0e6097580] stream 0, sample 138, dts 5666667
[h264 @ 000002a0e62d2500] nal_unit_type: 1(Coded slice of a non-IDR picture), nal_ref_idc: 0
[mov,mp4,m4a,3gp,3g2,mj2 @ 000002a0e6097580] stream 0, sample 139, dts 5708333
[h264 @ 000002a0e62d2b80] nal_unit_type: 1(Coded slice of a non-IDR picture), nal_ref_idc: 2
[mov,mp4,m4a,3gp,3g2,mj2 @ 000002a0e6097580] stream 0, sample 140, dts 5750000
[h264 @ 000002a0e64d7480] nal_unit_type: 1(Coded slice of a non-IDR picture), nal_ref_idc: 2
[mov,mp4,m4a,3gp,3g2,mj2 @ 000002a0e6097580] stream 0, sample 141, dts 5791667
[mov,mp4,m4a,3gp,3g2,mj2 @ 000002a0e6097580] stream 0, sample 142, dts 5833333
[h264 @ 000002a0e66491c0] nal_unit_type: 1(Coded slice of a non-IDR picture), nal_ref_idc: 0
[h264 @ 000002a0e6701a80] nal_unit_type: 1(Coded slice of a non-IDR picture), nal_ref_idc: 0
[mov,mp4,m4a,3gp,3g2,mj2 @ 000002a0e6097580] stream 0, sample 143, dts 5875000
[h264 @ 000002a0e6702680] nal_unit_type: 1(Coded slice of a non-IDR picture), nal_ref_idc: 2
[h264 @ 000002a0e62eba80] nal_unit_type: 1(Coded slice of a non-IDR picture), nal_ref_idc: 2
[mov,mp4,m4a,3gp,3g2,mj2 @ 000002a0e6097580] stream 0, sample 144, dts 5916667
[mov,mp4,m4a,3gp,3g2,mj2 @ 000002a0e6097580] stream 0, sample 145, dts 5958333
[h264 @ 000002a0e64d44c0] nal_unit_type: 1(Coded slice of a non-IDR picture), nal_ref_idc: 0
[mov,mp4,m4a,3gp,3g2,mj2 @ 000002a0e6097580] stream 0, sample 146, dts 6000000
[h264 @ 000002a0e64d4b80] nal_unit_type: 1(Coded slice of a non-IDR picture), nal_ref_idc: 0
[h264 @ 000002a0e6712f80] nal_unit_type: 1(Coded slice of a non-IDR picture), nal_ref_idc: 2
[mov,mp4,m4a,3gp,3g2,mj2 @ 000002a0e6097580] stream 0, sample 147, dts 6041667
[mov,mp4,m4a,3gp,3g2,mj2 @ 000002a0e6097580] stream 0, sample 148, dts 6083333
[h264 @ 000002a0e6723780] nal_unit_type: 1(Coded slice of a non-IDR picture), nal_ref_idc: 0
[mov,mp4,m4a,3gp,3g2,mj2 @ 000002a0e6097580] stream 0, sample 149, dts 6125000
[h264 @ 000002a0e63215c0] nal_unit_type: 1(Coded slice of a non-IDR picture), nal_ref_idc: 2
[mov,mp4,m4a,3gp,3g2,mj2 @ 000002a0e6097580] stream 0, sample 150, dts 6166667
[h264 @ 000002a0e6322840] nal_unit_type: 1(Coded slice of a non-IDR picture), nal_ref_idc: 0
[mov,mp4,m4a,3gp,3g2,mj2 @ 000002a0e6097580] stream 0, sample 151, dts 6208333
[h264 @ 000002a0e63220c0] nal_unit_type: 1(Coded slice of a non-IDR picture), nal_ref_idc: 2
[mov,mp4,m4a,3gp,3g2,mj2 @ 000002a0e6097580] stream 0, sample 152, dts 6250000
[mov,mp4,m4a,3gp,3g2,mj2 @ 000002a0e6097580] stream 0, sample 153, dts 6291667
[h264 @ 000002a0e6320e80] nal_unit_type: 1(Coded slice of a non-IDR picture), nal_ref_idc: 2
[h264 @ 000002a0e609bcc0] nal_unit_type: 1(Coded slice of a non-IDR picture), nal_ref_idc: 0
[mov,mp4,m4a,3gp,3g2,mj2 @ 000002a0e6097580] stream 0, sample 154, dts 6333333
[h264 @ 000002a0e62d2500] nal_unit_type: 1(Coded slice of a non-IDR picture), nal_ref_idc: 0
[mov,mp4,m4a,3gp,3g2,mj2 @ 000002a0e6097580] stream 0, sample 155, dts 6375000
[h264 @ 000002a0e62d2b80] nal_unit_type: 1(Coded slice of a non-IDR picture), nal_ref_idc: 2
[h264 @ 000002a0e64d7480] nal_unit_type: 1(Coded slice of a non-IDR picture), nal_ref_idc: 2
[mov,mp4,m4a,3gp,3g2,mj2 @ 000002a0e6097580] stream 0, sample 156, dts 6416667
[mov,mp4,m4a,3gp,3g2,mj2 @ 000002a0e6097580] stream 0, sample 157, dts 6458333
[h264 @ 000002a0e66491c0] nal_unit_type: 1(Coded slice of a non-IDR picture), nal_ref_idc: 0
[mov,mp4,m4a,3gp,3g2,mj2 @ 000002a0e6097580] stream 0, sample 158, dts 6500000
[h264 @ 000002a0e6701a80] nal_unit_type: 1(Coded slice of a non-IDR picture), nal_ref_idc: 0
[mov,mp4,m4a,3gp,3g2,mj2 @ 000002a0e6097580] stream 0, sample 159, dts 6541667
[h264 @ 000002a0e6702680] nal_unit_type: 1(Coded slice of a non-IDR picture), nal_ref_idc: 2
[mov,mp4,m4a,3gp,3g2,mj2 @ 000002a0e6097580] stream 0, sample 160, dts 6583333
[h264 @ 000002a0e62eba80] nal_unit_type: 1(Coded slice of a non-IDR picture), nal_ref_idc: 2
[h264 @ 000002a0e64d44c0] nal_unit_type: 1(Coded slice of a non-IDR picture), nal_ref_idc: 0
[mov,mp4,m4a,3gp,3g2,mj2 @ 000002a0e6097580] stream 0, sample 161, dts 6625000
[mov,mp4,m4a,3gp,3g2,mj2 @ 000002a0e6097580] stream 0, sample 162, dts 6666667
[h264 @ 000002a0e64d4b80] nal_unit_type: 1(Coded slice of a non-IDR picture), nal_ref_idc: 0
[mov,mp4,m4a,3gp,3g2,mj2 @ 000002a0e6097580] stream 0, sample 163, dts 6708333
[h264 @ 000002a0e6712f80] nal_unit_type: 1(Coded slice of a non-IDR picture), nal_ref_idc: 2
[mov,mp4,m4a,3gp,3g2,mj2 @ 000002a0e6097580] stream 0, sample 164, dts 6750000
[h264 @ 000002a0e6723780] nal_unit_type: 1(Coded slice of a non-IDR picture), nal_ref_idc: 2
[mov,mp4,m4a,3gp,3g2,mj2 @ 000002a0e6097580] stream 0, sample 165, dts 6791667
[h264 @ 000002a0e63215c0] nal_unit_type: 1(Coded slice of a non-IDR picture), nal_ref_idc: 0
[mov,mp4,m4a,3gp,3g2,mj2 @ 000002a0e6097580] stream 0, sample 166, dts 6833333
[h264 @ 000002a0e6322840] nal_unit_type: 1(Coded slice of a non-IDR picture), nal_ref_idc: 0
[mov,mp4,m4a,3gp,3g2,mj2 @ 000002a0e6097580] stream 0, sample 167, dts 6875000
[h264 @ 000002a0e63220c0] nal_unit_type: 1(Coded slice of a non-IDR picture), nal_ref_idc: 2
[mov,mp4,m4a,3gp,3g2,mj2 @ 000002a0e6097580] stream 0, sample 168, dts 6916667
[h264 @ 000002a0e6320e80] nal_unit_type: 1(Coded slice of a non-IDR picture), nal_ref_idc: 2
[mov,mp4,m4a,3gp,3g2,mj2 @ 000002a0e6097580] stream 0, sample 169, dts 6958333
[h264 @ 000002a0e609bcc0] nal_unit_type: 1(Coded slice of a non-IDR picture), nal_ref_idc: 0
[mov,mp4,m4a,3gp,3g2,mj2 @ 000002a0e6097580] stream 0, sample 170, dts 7000000
[h264 @ 000002a0e62d2500] nal_unit_type: 1(Coded slice of a non-IDR picture), nal_ref_idc: 0
[mov,mp4,m4a,3gp,3g2,mj2 @ 000002a0e6097580] stream 0, sample 171, dts 7041667
[h264 @ 000002a0e62d2b80] nal_unit_type: 1(Coded slice of a non-IDR picture), nal_ref_idc: 2
[mov,mp4,m4a,3gp,3g2,mj2 @ 000002a0e6097580] stream 0, sample 172, dts 7083333
[h264 @ 000002a0e64d7480] nal_unit_type: 1(Coded slice of a non-IDR picture), nal_ref_idc: 2
[mov,mp4,m4a,3gp,3g2,mj2 @ 000002a0e6097580] stream 0, sample 173, dts 7125000
[mov,mp4,m4a,3gp,3g2,mj2 @ 000002a0e6097580] stream 0, sample 174, dts 7166667
[h264 @ 000002a0e66491c0] nal_unit_type: 1(Coded slice of a non-IDR picture), nal_ref_idc: 0
[mov,mp4,m4a,3gp,3g2,mj2 @ 000002a0e6097580] stream 0, sample 175, dts 7208333
[h264 @ 000002a0e6701a80] nal_unit_type: 1(Coded slice of a non-IDR picture), nal_ref_idc: 0
[h264 @ 000002a0e6702680] nal_unit_type: 1(Coded slice of a non-IDR picture), nal_ref_idc: 2
[mov,mp4,m4a,3gp,3g2,mj2 @ 000002a0e6097580] stream 0, sample 176, dts 7250000
[h264 @ 000002a0e62eba80] nal_unit_type: 1(Coded slice of a non-IDR picture), nal_ref_idc: 2
[mov,mp4,m4a,3gp,3g2,mj2 @ 000002a0e6097580] stream 0, sample 177, dts 7291667
[h264 @ 000002a0e64d44c0] nal_unit_type: 1(Coded slice of a non-IDR picture), nal_ref_idc: 0
[mov,mp4,m4a,3gp,3g2,mj2 @ 000002a0e6097580] stream 0, sample 178, dts 7333333
[mov,mp4,m4a,3gp,3g2,mj2 @ 000002a0e6097580] stream 0, sample 179, dts 7375000
[h264 @ 000002a0e64d4b80] nal_unit_type: 1(Coded slice of a non-IDR picture), nal_ref_idc: 0
[h264 @ 000002a0e6712f80] nal_unit_type: 1(Coded slice of a non-IDR picture), nal_ref_idc: 2
[mov,mp4,m4a,3gp,3g2,mj2 @ 000002a0e6097580] stream 0, sample 180, dts 7416667
[h264 @ 000002a0e6723780] nal_unit_type: 1(Coded slice of a non-IDR picture), nal_ref_idc: 2
[mov,mp4,m4a,3gp,3g2,mj2 @ 000002a0e6097580] stream 0, sample 181, dts 7458333
[h264 @ 000002a0e63215c0] nal_unit_type: 1(Coded slice of a non-IDR picture), nal_ref_idc: 0
[mov,mp4,m4a,3gp,3g2,mj2 @ 000002a0e6097580] stream 0, sample 182, dts 7500000
[h264 @ 000002a0e6322840] nal_unit_type: 1(Coded slice of a non-IDR picture), nal_ref_idc: 0
[mov,mp4,m4a,3gp,3g2,mj2 @ 000002a0e6097580] stream 0, sample 183, dts 7541667
[h264 @ 000002a0e63220c0] nal_unit_type: 1(Coded slice of a non-IDR picture), nal_ref_idc: 2
[mov,mp4,m4a,3gp,3g2,mj2 @ 000002a0e6097580] stream 0, sample 184, dts 7583333
[h264 @ 000002a0e6320e80] nal_unit_type: 1(Coded slice of a non-IDR picture), nal_ref_idc: 2
[mov,mp4,m4a,3gp,3g2,mj2 @ 000002a0e6097580] stream 0, sample 185, dts 7625000
[h264 @ 000002a0e609bcc0] nal_unit_type: 1(Coded slice of a non-IDR picture), nal_ref_idc: 0
[mov,mp4,m4a,3gp,3g2,mj2 @ 000002a0e6097580] stream 0, sample 186, dts 7666667
[h264 @ 000002a0e62d2500] nal_unit_type: 1(Coded slice of a non-IDR picture), nal_ref_idc: 0
[h264 @ 000002a0e62d2b80] nal_unit_type: 1(Coded slice of a non-IDR picture), nal_ref_idc: 2
[mov,mp4,m4a,3gp,3g2,mj2 @ 000002a0e6097580] stream 0, sample 187, dts 7708333
[mov,mp4,m4a,3gp,3g2,mj2 @ 000002a0e6097580] stream 0, sample 188, dts 7750000
[h264 @ 000002a0e64d7480] nal_unit_type: 1(Coded slice of a non-IDR picture), nal_ref_idc: 2
[h264 @ 000002a0e66491c0] nal_unit_type: 1(Coded slice of a non-IDR picture), nal_ref_idc: 0
[mov,mp4,m4a,3gp,3g2,mj2 @ 000002a0e6097580] stream 0, sample 189, dts 7791667
[mov,mp4,m4a,3gp,3g2,mj2 @ 000002a0e6097580] stream 0, sample 190, dts 7833333
[mov,mp4,m4a,3gp,3g2,mj2 @ 000002a0e6097580] stream 0, sample 191, dts 7875000
[h264 @ 000002a0e6701a80] nal_unit_type: 1(Coded slice of a non-IDR picture), nal_ref_idc: 0
[h264 @ 000002a0e6702680] nal_unit_type: 1(Coded slice of a non-IDR picture), nal_ref_idc: 2
[mov,mp4,m4a,3gp,3g2,mj2 @ 000002a0e6097580] stream 0, sample 192, dts 7916667
[h264 @ 000002a0e62eba80] nal_unit_type: 1(Coded slice of a non-IDR picture), nal_ref_idc: 2
[mov,mp4,m4a,3gp,3g2,mj2 @ 000002a0e6097580] stream 0, sample 193, dts 7958333
[h264 @ 000002a0e64d44c0] nal_unit_type: 1(Coded slice of a non-IDR picture), nal_ref_idc: 0
[mov,mp4,m4a,3gp,3g2,mj2 @ 000002a0e6097580] stream 0, sample 194, dts 8000000
[h264 @ 000002a0e64d4b80] nal_unit_type: 1(Coded slice of a non-IDR picture), nal_ref_idc: 0
[mov,mp4,m4a,3gp,3g2,mj2 @ 000002a0e6097580] stream 0, sample 195, dts 8041667
[h264 @ 000002a0e6712f80] nal_unit_type: 1(Coded slice of a non-IDR picture), nal_ref_idc: 2
[h264 @ 000002a0e6723780] nal_unit_type: 1(Coded slice of a non-IDR picture), nal_ref_idc: 2
[mov,mp4,m4a,3gp,3g2,mj2 @ 000002a0e6097580] stream 0, sample 196, dts 8083333
[mov,mp4,m4a,3gp,3g2,mj2 @ 000002a0e6097580] stream 0, sample 197, dts 8125000
[h264 @ 000002a0e63215c0] nal_unit_type: 1(Coded slice of a non-IDR picture), nal_ref_idc: 0
[mov,mp4,m4a,3gp,3g2,mj2 @ 000002a0e6097580] stream 0, sample 198, dts 8166667
[h264 @ 000002a0e6322840] nal_unit_type: 1(Coded slice of a non-IDR picture), nal_ref_idc: 0
[mov,mp4,m4a,3gp,3g2,mj2 @ 000002a0e6097580] stream 0, sample 199, dts 8208333
[h264 @ 000002a0e63220c0] nal_unit_type: 1(Coded slice of a non-IDR picture), nal_ref_idc: 2
[mov,mp4,m4a,3gp,3g2,mj2 @ 000002a0e6097580] stream 0, sample 200, dts 8250000
[h264 @ 000002a0e6320e80] nal_unit_type: 1(Coded slice of a non-IDR picture), nal_ref_idc: 2
[mov,mp4,m4a,3gp,3g2,mj2 @ 000002a0e6097580] stream 0, sample 201, dts 8291667
[mov,mp4,m4a,3gp,3g2,mj2 @ 000002a0e6097580] stream 0, sample 202, dts 8333333
[h264 @ 000002a0e609bcc0] nal_unit_type: 1(Coded slice of a non-IDR picture), nal_ref_idc: 0
[h264 @ 000002a0e62d2500] nal_unit_type: 1(Coded slice of a non-IDR picture), nal_ref_idc: 0
[mov,mp4,m4a,3gp,3g2,mj2 @ 000002a0e6097580] stream 0, sample 203, dts 8375000
[h264 @ 000002a0e62d2b80] nal_unit_type: 1(Coded slice of a non-IDR picture), nal_ref_idc: 2
[mov,mp4,m4a,3gp,3g2,mj2 @ 000002a0e6097580] stream 0, sample 204, dts 8416667
[h264 @ 000002a0e64d7480] nal_unit_type: 1(Coded slice of a non-IDR picture), nal_ref_idc: 2
[mov,mp4,m4a,3gp,3g2,mj2 @ 000002a0e6097580] stream 0, sample 205, dts 8458333
[mov,mp4,m4a,3gp,3g2,mj2 @ 000002a0e6097580] stream 0, sample 206, dts 8500000
[h264 @ 000002a0e66491c0] nal_unit_type: 1(Coded slice of a non-IDR picture), nal_ref_idc: 0
[h264 @ 000002a0e6701a80] nal_unit_type: 1(Coded slice of a non-IDR picture), nal_ref_idc: 0
[mov,mp4,m4a,3gp,3g2,mj2 @ 000002a0e6097580] stream 0, sample 207, dts 8541667
[h264 @ 000002a0e6702680] nal_unit_type: 1(Coded slice of a non-IDR picture), nal_ref_idc: 2
[mov,mp4,m4a,3gp,3g2,mj2 @ 000002a0e6097580] stream 0, sample 208, dts 8583333
[h264 @ 000002a0e62eba80] nal_unit_type: 1(Coded slice of a non-IDR picture), nal_ref_idc: 0
[mov,mp4,m4a,3gp,3g2,mj2 @ 000002a0e6097580] stream 0, sample 209, dts 8625000
[h264 @ 000002a0e64d44c0] nal_unit_type: 1(Coded slice of a non-IDR picture), nal_ref_idc: 2
[mov,mp4,m4a,3gp,3g2,mj2 @ 000002a0e6097580] stream 0, sample 210, dts 8666667
[h264 @ 000002a0e64d4b80] nal_unit_type: 1(Coded slice of a non-IDR picture), nal_ref_idc: 2
[mov,mp4,m4a,3gp,3g2,mj2 @ 000002a0e6097580] stream 0, sample 211, dts 8708333
[h264 @ 000002a0e6712f80] nal_unit_type: 1(Coded slice of a non-IDR picture), nal_ref_idc: 0
[mov,mp4,m4a,3gp,3g2,mj2 @ 000002a0e6097580] stream 0, sample 212, dts 8750000
[h264 @ 000002a0e6723780] nal_unit_type: 1(Coded slice of a non-IDR picture), nal_ref_idc: 0
[mov,mp4,m4a,3gp,3g2,mj2 @ 000002a0e6097580] stream 0, sample 213, dts 8791667
[mov,mp4,m4a,3gp,3g2,mj2 @ 000002a0e6097580] stream 0, sample 214, dts 8833333
[h264 @ 000002a0e63215c0] nal_unit_type: 1(Coded slice of a non-IDR picture), nal_ref_idc: 2
[h264 @ 000002a0e6322840] nal_unit_type: 1(Coded slice of a non-IDR picture), nal_ref_idc: 2
[mov,mp4,m4a,3gp,3g2,mj2 @ 000002a0e6097580] stream 0, sample 215, dts 8875000
[h264 @ 000002a0e63220c0] nal_unit_type: 1(Coded slice of a non-IDR picture), nal_ref_idc: 0
[mov,mp4,m4a,3gp,3g2,mj2 @ 000002a0e6097580] stream 0, sample 216, dts 8916667
[h264 @ 000002a0e6320e80] nal_unit_type: 1(Coded slice of a non-IDR picture), nal_ref_idc: 0
[mov,mp4,m4a,3gp,3g2,mj2 @ 000002a0e6097580] stream 0, sample 217, dts 8958333
[mov,mp4,m4a,3gp,3g2,mj2 @ 000002a0e6097580] stream 0, sample 218, dts 9000000
[h264 @ 000002a0e609bcc0] nal_unit_type: 1(Coded slice of a non-IDR picture), nal_ref_idc: 2
[h264 @ 000002a0e62d2500] nal_unit_type: 1(Coded slice of a non-IDR picture), nal_ref_idc: 2
[mov,mp4,m4a,3gp,3g2,mj2 @ 000002a0e6097580] stream 0, sample 219, dts 9041667
[h264 @ 000002a0e62d2b80] nal_unit_type: 1(Coded slice of a non-IDR picture), nal_ref_idc: 0
[mov,mp4,m4a,3gp,3g2,mj2 @ 000002a0e6097580] stream 0, sample 220, dts 9083333
[h264 @ 000002a0e64d7480] nal_unit_type: 1(Coded slice of a non-IDR picture), nal_ref_idc: 0
[mov,mp4,m4a,3gp,3g2,mj2 @ 000002a0e6097580] stream 0, sample 221, dts 9125000
[h264 @ 000002a0e66491c0] nal_unit_type: 1(Coded slice of a non-IDR picture), nal_ref_idc: 2
[mov,mp4,m4a,3gp,3g2,mj2 @ 000002a0e6097580] stream 0, sample 222, dts 9166667
[h264 @ 000002a0e6701a80] nal_unit_type: 1(Coded slice of a non-IDR picture), nal_ref_idc: 0
[mov,mp4,m4a,3gp,3g2,mj2 @ 000002a0e6097580] stream 0, sample 223, dts 9208333
[h264 @ 000002a0e6702680] nal_unit_type: 1(Coded slice of a non-IDR picture), nal_ref_idc: 2
[mov,mp4,m4a,3gp,3g2,mj2 @ 000002a0e6097580] stream 0, sample 224, dts 9250000
[h264 @ 000002a0e62eba80] nal_unit_type: 1(Coded slice of a non-IDR picture), nal_ref_idc: 0
[h264 @ 000002a0e64d44c0] nal_unit_type: 1(Coded slice of a non-IDR picture), nal_ref_idc: 2
[mov,mp4,m4a,3gp,3g2,mj2 @ 000002a0e6097580] stream 0, sample 225, dts 9291667
[mov,mp4,m4a,3gp,3g2,mj2 @ 000002a0e6097580] stream 0, sample 226, dts 9333333
[h264 @ 000002a0e64d4b80] nal_unit_type: 1(Coded slice of a non-IDR picture), nal_ref_idc: 0
[mov,mp4,m4a,3gp,3g2,mj2 @ 000002a0e6097580] stream 0, sample 227, dts 9375000
[mov,mp4,m4a,3gp,3g2,mj2 @ 000002a0e6097580] stream 0, sample 228, dts 9416667
[h264 @ 000002a0e6712f80] nal_unit_type: 1(Coded slice of a non-IDR picture), nal_ref_idc: 2
[h264 @ 000002a0e6723780] nal_unit_type: 1(Coded slice of a non-IDR picture), nal_ref_idc: 0
[mov,mp4,m4a,3gp,3g2,mj2 @ 000002a0e6097580] stream 0, sample 229, dts 9458333
[h264 @ 000002a0e63215c0] nal_unit_type: 1(Coded slice of a non-IDR picture), nal_ref_idc: 2
[mov,mp4,m4a,3gp,3g2,mj2 @ 000002a0e6097580] stream 0, sample 230, dts 9500000
[h264 @ 000002a0e6322840] nal_unit_type: 1(Coded slice of a non-IDR picture), nal_ref_idc: 0
[mov,mp4,m4a,3gp,3g2,mj2 @ 000002a0e6097580] stream 0, sample 231, dts 9541667
[h264 @ 000002a0e63220c0] nal_unit_type: 1(Coded slice of a non-IDR picture), nal_ref_idc: 2
[mov,mp4,m4a,3gp,3g2,mj2 @ 000002a0e6097580] stream 0, sample 232, dts 9583333
[h264 @ 000002a0e6320e80] nal_unit_type: 1(Coded slice of a non-IDR picture), nal_ref_idc: 2
[h264 @ 000002a0e609bcc0] nal_unit_type: 1(Coded slice of a non-IDR picture), nal_ref_idc: 0
[mov,mp4,m4a,3gp,3g2,mj2 @ 000002a0e6097580] stream 0, sample 233, dts 9625000
[mov,mp4,m4a,3gp,3g2,mj2 @ 000002a0e6097580] stream 0, sample 234, dts 9666667
[h264 @ 000002a0e62d2500] nal_unit_type: 1(Coded slice of a non-IDR picture), nal_ref_idc: 0
[mov,mp4,m4a,3gp,3g2,mj2 @ 000002a0e6097580] stream 0, sample 235, dts 9708333
[h264 @ 000002a0e62d2b80] nal_unit_type: 1(Coded slice of a non-IDR picture), nal_ref_idc: 2
[h264 @ 000002a0e64d7480] nal_unit_type: 1(Coded slice of a non-IDR picture), nal_ref_idc: 2
[mov,mp4,m4a,3gp,3g2,mj2 @ 000002a0e6097580] stream 0, sample 236, dts 9750000
[mov,mp4,m4a,3gp,3g2,mj2 @ 000002a0e6097580] stream 0, sample 237, dts 9791667
[h264 @ 000002a0e66491c0] nal_unit_type: 1(Coded slice of a non-IDR picture), nal_ref_idc: 0
[mov,mp4,m4a,3gp,3g2,mj2 @ 000002a0e6097580] stream 0, sample 238, dts 9833333
[h264 @ 000002a0e6701a80] nal_unit_type: 1(Coded slice of a non-IDR picture), nal_ref_idc: 0
[h264 @ 000002a0e6702680] nal_unit_type: 1(Coded slice of a non-IDR picture), nal_ref_idc: 2
[mov,mp4,m4a,3gp,3g2,mj2 @ 000002a0e6097580] stream 0, sample 239, dts 9875000
[mov,mp4,m4a,3gp,3g2,mj2 @ 000002a0e6097580] stream 0, sample 240, dts 9916667
[h264 @ 000002a0e62eba80] nal_unit_type: 1(Coded slice of a non-IDR picture), nal_ref_idc: 2
[in#0/mov,mp4,m4a,3gp,3g2,mj2 @ 000002a0e6097380] EOF while reading input
[h264 @ 000002a0e64d44c0] nal_unit_type: 1(Coded slice of a non-IDR picture), nal_ref_idc: 0
[in#0/mov,mp4,m4a,3gp,3g2,mj2 @ 000002a0e6097380] Terminating thread with return code 0 (success)
[h264 @ 000002a0e64d4b80] nal_unit_type: 1(Coded slice of a non-IDR picture), nal_ref_idc: 0
[h264 @ 000002a0e6712f80] nal_unit_type: 1(Coded slice of a non-IDR picture), nal_ref_idc: 2
[h264 @ 000002a0e6723780] nal_unit_type: 1(Coded slice of a non-IDR picture), nal_ref_idc: 2
[h264 @ 000002a0e63215c0] nal_unit_type: 1(Coded slice of a non-IDR picture), nal_ref_idc: 0
[h264 @ 000002a0e6322840] nal_unit_type: 1(Coded slice of a non-IDR picture), nal_ref_idc: 0
[h264 @ 000002a0e63220c0] nal_unit_type: 1(Coded slice of a non-IDR picture), nal_ref_idc: 2
[h264 @ 000002a0e6320e80] nal_unit_type: 1(Coded slice of a non-IDR picture), nal_ref_idc: 2
[vist#0:0/h264 @ 000002a0e60a6b40] [dec:h264 @ 000002a0e6590e40] Decoder thread received EOF packet
[h264 @ 000002a0e609bcc0] nal_unit_type: 1(Coded slice of a non-IDR picture), nal_ref_idc: 0
[vist#0:0/h264 @ 000002a0e60a6b40] [dec:h264 @ 000002a0e6590e40] Decoder returned EOF, finishing
[vist#0:0/h264 @ 000002a0e60a6b40] [dec:h264 @ 000002a0e6590e40] Terminating thread with return code 0 (success)
[out_#0:0 @ 000002a0e615d680] EOF on sink link out_#0:0:default.
[vost#0:0/wrapped_avframe @ 000002a0e615eb80] [enc:wrapped_avframe @ 000002a0e607e440] Encoder thread received EOF
[vf#0:0 @ 000002a0e65908c0] Filtergraph returned EOF, finishing
[vost#0:0/wrapped_avframe @ 000002a0e615eb80] Terminating thread with return code 0 (success)
[out#0/null @ 000002a0e60a6d40] All streams finished
[out#0/null @ 000002a0e60a6d40] Terminating thread with return code 0 (success)
[vf#0:0 @ 000002a0e65908c0] All consumers returned EOF
[vf#0:0 @ 000002a0e65908c0] Terminating thread with return code 0 (success)
[out#0/null @ 000002a0e60a6d40] Output file #0 (pipe:):
[out#0/null @ 000002a0e60a6d40]   Output stream #0:0 (video): 241 frames encoded; 241 packets muxed (100256 bytes); 
[out#0/null @ 000002a0e60a6d40]   Total: 241 packets (100256 bytes) muxed
[out#0/null @ 000002a0e60a6d40] video:98KiB audio:0KiB subtitle:0KiB other streams:0KiB global headers:0KiB muxing overhead: unknown
frame=  241 fps=0.0 q=-0.0 Lsize=N/A time=00:00:10.04 bitrate=N/A speed= 177x elapsed=0:00:00.05    
[in#0/mov,mp4,m4a,3gp,3g2,mj2 @ 000002a0e6097380] Input file #0 (1787755363947.mp4):
[in#0/mov,mp4,m4a,3gp,3g2,mj2 @ 000002a0e6097380]   Input stream #0:0 (video): 241 packets read (1328587 bytes); 241 frames decoded; 0 decode errors; 
[in#0/mov,mp4,m4a,3gp,3g2,mj2 @ 000002a0e6097380]   Total: 241 packets (1328587 bytes) demuxed
[AVIOContext @ 000002a0e6097bc0] Statistics: 1332415 bytes read, 0 seeks

Exiting with exit code 0
